#Front	Back	Quelle	Tags
Was sagt der LP+ in <b>M7R-LB1-Prozent</b> (Prozentrechnung und Diagramme)?	Fundort: LehrplanPLUS MS Bayern · M7R · LB1 Prozentrechnung und Diagramme<br><br>„fassen Prozentsätze als vergleichbare Anteile auf, interpretieren sie als Hundertstelbrüche und machen sie handelnd sichtbar.“ <i>(Operator: auffassen / interpretieren / handelnd sichtbar machen, AFB I-II)</i><br><br>„wenden Prozentsätze zum Vergleich von Anteilen in Sachsituationen an.“ <i>(Operator: anwenden, AFB II)</i><br><br>„entnehmen Zahlenmaterial aus Sachsituationen, ordnen es Grundwert, Prozentwert und Prozentsatz zu, formulieren eigene Sachverhalte und berechnen fehlende Größen (auch im Überschlag) vorteilhaft.“ <i>(Operator: entnehmen / zuordnen / formulieren / berechnen, AFB II-III)</i><br><br>„nutzen einfache funktionale und lineare Zusammenhänge der Prozentrechnung zum Argumentieren.“ <i>(Operator: nutzen / argumentieren, AFB II-III)</i><br><br>„bestimmen Prozentwert und Prozentsatz bei Mischungsverhältnissen und bewältigen problemorientierte Aufgaben aus Alltag und Beruf.“ <i>(Operator: bestimmen / bewältigen, AFB II-III)</i><br><br>„entnehmen Informationen aus Säulen-, Balken-, Streifen- und Kreisdiagrammen und bewerten grafisch aufbereitete Daten kritisch.“ <i>(Operator: entnehmen / kritisch bewerten, AFB II-III)</i><br><br>„wenden grundlegende Verfahren der Prozentrechnung in berufsbezogenen Aufgaben an.“ <i>(Operator: anwenden, AFB II)</i><br><br><b>Prozessbez. Komp.:</b> modellieren · Probleme lösen · argumentieren · kommunizieren · mit symbolischen, formalen und technischen Elementen umgehen · Darstellungen verwenden<br><b>Gegenstandsbereiche:</b> Zahlen und Operationen · Funktionaler Zusammenhang · Daten und Zufall	LehrplanPLUS MS Bayern · M7R · LB1 Prozentrechnung und Diagramme | Realisierung: mathematics_7c/02_sequenzen/Prozentrechnung_Grundlagen.md + 03_stunden/2025-09-22 + 2025-10-13_UE1+UE2	MP_N18_Mathe_KE kern M7R LB1 Anker Stufe1
Wie realisierst du <b>M7R-LB1-Prozent</b> (Prozentrechnung und Diagramme)? Spiralanker?	"[real] 10-UE-Sequenz Prozentrechnung — drei reale Stunden dokumentiert<br><br><b>Verlauf:</b> Vorbereitung UE 22.09.2025 (Rationale Zahlen vergleichen mit Video-Stopps inkl. „Hundertstel = Grundlage Prozent!"") → Stunde 1 (geplant, Schulbuch FormelPLUS R7 S. 7, 100er-Feld) → UE1 13.10.2025 Prozentwert berechnen mit Tafelfußball-Gamification (Miro, 4 Teams, AH S. 6 Dreisatz) → UE2 13.10.2025 Grundwert berechnen mit Farbcodierung BLAU/ROT/GRÜN → restliche 7 UEs in Planung.<br><br><b>↑ Vorwissen:</b> M6-LB1-1-Bruch-Dezimal-Prozent (★ Wechsel Bruch ↔ Dezimal ↔ Prozentsatz als Klasse-6-Vorgabe — direkter Vorgänger); M6-LB1-2-Bruchrechnung (Sicherheit im Rechnen mit Bruchzahlen); M6-LB6-Arithmetisches-Mittel (Datendarstellung und kritische Datenreflexion)<br><b>↓ Anschluss:</b> M9R-LB1-Zinsrechnung (★ Übertragung der Grundaufgaben Prozent auf Zins (LP+-Wortlaut)); M9R-LB8-Funktionstypen (Prozent als linearer funktionaler Zusammenhang)"	LehrplanPLUS MS Bayern · M7R · LB1 Prozentrechnung und Diagramme | Realisierung: mathematics_7c/02_sequenzen/Prozentrechnung_Grundlagen.md + 03_stunden/2025-09-22 + 2025-10-13_UE1+UE2	MP_N18_Mathe_KE kern M7R LB1 Anker Stufe2
Welche Sequenz-Skizze + welche Prinzipien trägt <b>M7R-LB1-Prozent</b> (Prozentrechnung und Diagramme)?	"<b>Sequenz:</b> Vollabdeckung LB1 Prozentrechnung und Diagramme — 26 UE M7R<br><i>Spiralcurricularer Aufbau M6-LB1.1 (Bruch↔Dezimal↔Prozent) → M7R-LB1 → M9R-LB1 (Zins). EIS-Progression: enaktiv UE1-2 (100er-Feld, Hundertstelquadrat), ikonisch UE3-9 (Prozentstreifen, Farbcodierung), symbolisch UE10-22 (Dreisatz, Schema), anwendend UE23-26 (Mischung, Diagramme, Beruf). Operative...</i><br><br><b>UE-Skizze:</b><br>• <b>UE 1:</b> Einstieg Prozent — Anteile bildlich (100er-Feld) <i>[Anteile auffassen (handelnd sichtbar) · enaktiv → ikonisch]</i><br>• <b>UE 2:</b> Hundertstelbrüche enaktiv-ikonisch — Spiralbrücke M6 <i>[Anteile auffassen (handelnd sichtbar) · enaktiv → ikonisch]</i><br>• <b>UE 3:</b> Prozentstreifen einführen <i>[Anteile auffassen (handelnd sichtbar) + Anteilsvergleich anwenden · ikonisch]</i><br>• <b>UE 4:</b> Prozentsätze zum Anteilsvergleich — Sachsituationen <i>[Anteilsvergleich anwenden · ikonisch]</i><br>• <b>UE 5:</b> Übung Anteilsvergleich (kompakt) <i>[Anteile auffassen (handelnd sichtbar) + Anteilsvergleich anwenden · ikonisch]</i><br>• <b>UE 5+D:</b> Diagramm-Anker — Anteil als Säule + Kreis erleben <i>[Diagramme entnehmen + kritisch bewerten · ikonisch]</i><br>• <b>UE 6:</b> Begriffsklärung GW · PW · PS — Hefteintrag <i>[GW/PW/PS berechnen + zuordnen · ikonisch → symbolisch]</i><br>• <b>UE 7a:</b> Prozentwert enaktiv erleben — Materialhandhabung <i>[GW/PW/PS berechnen + zuordnen · enaktiv]</i><br>• <b>UE 7b:</b> Prozentwert symbolisch — Dreisatz mit Worked Example <i>[GW/PW/PS berechnen + zuordnen · ikonisch → symbolisch]</i><br>• <b>UE 8:</b> Prozentwert festigen <i>[GW/PW/PS berechnen + zuordnen · symbolisch]</i><br>• <b>UE 9:</b> Übung Prozentwert (kompakt) <i>[GW/PW/PS berechnen + zuordnen · symbolisch]</i><br>• <b>UE 9+R:</b> Spaced-Retrieval (5 min) <i>[GW/PW/PS berechnen + zuordnen · symbolisch (mental)]</i><br>• <b>UE 10:</b> Grundwert berechnen (Reversibilität) <i>[GW/PW/PS berechnen + zuordnen · enaktiv → symbolisch]</i><br>• <b>UE 11:</b> Grundwert festigen <i>[GW/PW/PS berechnen + zuordnen · symbolisch]</i><br>• <b>UE 12:</b> Übung Grundwert (kompakt) <i>[GW/PW/PS berechnen + zuordnen · symbolisch]</i><br>• <b>UE 13:</b> Prozentsatz berechnen <i>[GW/PW/PS berechnen + zuordnen · symbolisch]</i><br>• <b>UE 14:</b> Übung Prozentsatz (kompakt) <i>[GW/PW/PS berechnen + zuordnen · symbolisch]</i><br>• <b>UE 14+R:</b> Spaced-Retrieval (5 min) <i>[GW/PW/PS berechnen + zuordnen · symbolisch (mental)]</i><br>• <b>UE 15:</b> Mischtypen unterscheiden — Entscheidungsbaum <i>[GW/PW/PS berechnen + zuordnen · symbolisch]</i><br>• <b>UE 16:</b> Übung Mischtypen (kompakt) <i>[GW/PW/PS berechnen + zuordnen · symbolisch]</i><br>• <b>UE 17:</b> Überschlag im Kopf — vorteilhaftes Rechnen <i>[GW/PW/PS berechnen + zuordnen · symbolisch (mental)]</i><br>• <b>UE 18:</b> Funktionaler Zusammenhang — vermehrter/verminderter GW <i>[funktionale Zus. argumentieren · symbolisch-anwendend]</i><br>• <b>UE 19:</b> Argumentieren mit Prozenten — Doppelrabatt-Problem <i>[funktionale Zus. argumentieren · symbolisch-reflexiv]</i><br>• <b>UE 19+R:</b> Spaced-Retrieval (5 min) <i>[funktionale Zus. argumentieren + Mischungsverhältnisse bestimmen · symbolisch (mental)]</i><br>• <b>UE 20:</b> Mischungsverhältnisse — Einführung <i>[Mischungsverhältnisse bestimmen · enaktiv → symbolisch]</i><br>• <b>UE 21:</b> Mischungen im Beruf — Bäckerei/Maler/Apotheke <i>[Mischungsverhältnisse bestimmen + berufsbez. Verfahren anwenden · symbolisch-anwendend]</i><br>• <b>UE 22:</b> Übung berufsbezogene Prozentaufgaben (kompakt) <i>[berufsbez. Verfahren anwenden · symbolisch-anwendend]</i><br>• <b>UE 23:</b> Diagramme lesen — 4 Typen <i>[Diagramme entnehmen + kritisch bewerten · ikonisch]</i><br>• <b>UE 24:</b> Diagramme kritisch bewerten — Manipulation erkennen <i>[Diagramme entnehmen + kritisch bewerten · ikonisch-reflexiv]</i><br>• <b>UE 25:</b> LNW-Vorbereitung — gemischte Aufgaben <i>[GW/PW/PS berechnen + zuordnen + funktionale Zus. argumentieren + Mischungsverhältnisse bestimmen + Diagramme entnehmen + kritisch bewerten · symbolisch]</i><br>• <b>UE 26:</b> Leistungsnachweis (Probearbeit) <i>[GW/PW/PS berechnen + zuordnen + funktionale Zus. argumentieren + Mischungsverhältnisse bestimmen + Diagramme entnehmen + kritisch bewerten + berufsbez. Verfahren anwenden · symbolisch-anwendend]</i><br><br><b>Prinzipien:</b><br>• <b>EIS-Prinzip (Bruner):</b> Sequenz setzt enaktiv UE 1-3 (Material), ikonisch UE 2 + 4-7 (Prozentstreifen + Farbcodierung) und symbolisch UE 7-8 (Dreisatz + Schema) systematisch ein. KE-Wortlaut „handelnd sichtbar machen"" fordert die enaktive Stufe explizit. <i>(GB §3.4 (Anschauung & Begriffsbildung) + Weigand §7 S. 9)</i><br>• <b>Spiralprinzip + Kumulatives Lernen:</b> Direkter Anschluss an M6 LB1.1 (Bruch ↔ Dezimal ↔ Prozent) in UE 1+2, expliziter Ausblick M9R LB1 (Zinsrechnung) in UE 10. Spirale durch LP+ selbst markiert. <i>(Fachprofil M §2.3 + GB §1.5; vgl. _Spiralprinzip_LP_Mathe.md Track 2)</i><br>• <b>Modellieren (prozessbez. Kompetenz):</b> UE 8 Mischungsverhältnisse + UE 10 Doppelrabatt + UE 9 Diagramme als wörtliche LP+-KE-Erwartung; modellieren-Tag ist im LP+ für diese KE-Reihe explizit gesetzt. <i>(Fachprofil M §2.2 (Modellieren) + ÖV-Bildung §5)</i><br>• <b>Operatives Prinzip (Aebli/Wittmann):</b> UE 5 explizite Reversibilität (umgekehrter Dreisatz p%→1%→100%) · UE 7 Transitivität (Entscheidungsbaum zwischen GW/PW/PS) · UE 10 Komposition (Doppelrabatt als verkettete Operationen). <i>(Bausteinskript B1 §4.2 + Weigand §7 S. 8-9)</i><br>• <b>Beziehungshaltigkeit / Lebensweltbezug:</b> Rabatt, Mehrwertsteuer, Mischungen, Berufsbezug — alle in der KE-Reihe wörtlich angelegt und in UE 8, 9, 10 realisiert. Erfüllt Freudenthals Prinzip der Realitätsnähe. <i>(Weigand §4 + Fachprofil M §1.2 (Ausbildungsreife))</i><br>• <b>Differenzierung / 3 Niveaustufen:</b> Pro Übungs-UE (4, 6, 7, 10) Differenzierung Basis/Regelstandard/Erhöht im AB. In Pauls Seminarübung v2 systematisch ausgeführt; in Pauls realer Praxis 13.10. über Tafelfußball-Schwierigkeitsstufen. <i>(Fachprofil M §1.5 + GB §3.4)</i><br><br><b>Antwortgerüst-Anschluss:</b> EIS-Prinzip, Operatives-Prinzip, Spiralprinzip, Modellieren, Differenzierung, 4-Phasen-Sequenz"	LehrplanPLUS MS Bayern · M7R · LB1 Prozentrechnung und Diagramme | Realisierung: mathematics_7c/02_sequenzen/Prozentrechnung_Grundlagen.md + 03_stunden/2025-09-22 + 2025-10-13_UE1+UE2	MP_N18_Mathe_KE kern M7R LB1 Anker Stufe3
Was sagt der LP+ in <b>M6-LB1-1-Bruch-Dezimal-Prozent</b> (Erweiterung des Zahlbereichs auf Bruchzahlen — Bruch ↔ Dezimal ↔ Prozent)?	Fundort: LehrplanPLUS MS Bayern · M6 · LB1.1 Erweiterung des Zahlbereichs auf Bruchzahlen<br><br>„stellen Bruchteile handelnd her, zeichnen diese in verschiedenen Flächenformen und markieren sie am Zahlenstrahl.“ <i>(Operator: handelnd herstellen / zeichnen / markieren, AFB I-II)</i><br><br>„beschreiben Anteile (Teil vom Ganzen, Teil von mehreren Ganzen), Operatoren, Divisionen sowie Maßzahlen in Verbindung mit Größen durch positive rationale Zahlen.“ <i>(Operator: beschreiben, AFB II)</i><br><br>„vergröbern und verfeinern Bruchteile, indem sie diese erweitern und kürzen, um Bruchzahlen gleichnamig und damit auch vergleichbar zu machen.“ <i>(Operator: vergröbern / verfeinern / erweitern / kürzen, AFB II)</i><br><br>„stellen Brüche mit Zehnerpotenzen im Nenner als Dezimalbrüche dar und umgekehrt, indem sie das nach rechts auf Tausendstel erweiterte Stellenwertsystem nutzen.“ <i>(Operator: darstellen, AFB II)</i><br><br>„wechseln die Darstellungsformen Bruch, Dezimalbruch und Prozentsatz, indem sie Brüche auf Zehnerpotenzen im Nenner erweitern und ggf. Zähler durch Nenner dividieren.“ <i>(Operator: wechseln (Darstellungsformen), AFB II-III)</i><br><br><b>Prozessbez. Komp.:</b> Darstellungen verwenden · modellieren · argumentieren · mit symbolischen, formalen und technischen Elementen umgehen · kommunizieren<br><b>Gegenstandsbereiche:</b> Zahlen und Operationen · Funktionaler Zusammenhang	"LehrplanPLUS MS Bayern · M6 · LB1.1 Erweiterung des Zahlbereichs auf Bruchzahlen | Realisierung: idealtypisch — adjazent zu Pauls realer M7c-UE 22.09.2025 „Rationale Zahlen vergleichen"", in der Hundertstel-Training als Prozent-Vorbereitung explizit eingebaut war (Video-Stopp 4: „Hundertstel = Grundlage Prozent!"")"	MP_N18_Mathe_KE vorwissen M6 LB1.1 Anker Stufe1
Wie realisierst du <b>M6-LB1-1-Bruch-Dezimal-Prozent</b> (Erweiterung des Zahlbereichs auf Bruchzahlen — Bruch ↔ Dezimal ↔ Prozent)? Spiralanker?	"[idealtypisch] Sequenz „Vom Bruch zur Prozentangabe"" — Hundertstel-Brücke zur Klasse 7<br><br><b>Verlauf:</b> Sechs UE-Sequenz: enaktive Bruchteile (UE 1) → Zahlenstrahl-Markierung (UE 2) → Erweitern/Kürzen (UE 3) → Brüche mit Zehnerpotenzen-Nenner → Dezimalbrüche (UE 4) → Wechsel Bruch ↔ Dezimal ↔ Prozent (UE 5, Spiral-Brücke zur Klasse 7) → Übung Wechsel (UE 6).<br><br><b>↑ Vorwissen:</b> M5-LB1-Grundrechenarten (Stellenwertsystem + Punkt-vor-Strich); GS-Mathe-Bruchanschluss (GB §1.6 — Vorwissen aus Grundschule: erste Bruchvorstellungen, Anteile von Mengen)<br><b>↓ Anschluss:</b> M6-LB1-2-Bruchrechnung (Rechnen mit Bruchzahlen (+ - · :) — schon innerhalb M6 nachgelagert); M7R-LB1-Prozent (★★ Prozent baut direkt auf — Bruch als Anteil → Prozent als Anteil/100); M9R-LB1-Zinsrechnung (Indirekt über M7R-LB1 als Zwei-Schritt-Spirale)"	"LehrplanPLUS MS Bayern · M6 · LB1.1 Erweiterung des Zahlbereichs auf Bruchzahlen | Realisierung: idealtypisch — adjazent zu Pauls realer M7c-UE 22.09.2025 „Rationale Zahlen vergleichen"", in der Hundertstel-Training als Prozent-Vorbereitung explizit eingebaut war (Video-Stopp 4: „Hundertstel = Grundlage Prozent!"")"	MP_N18_Mathe_KE vorwissen M6 LB1.1 Anker Stufe2
Welche Sequenz-Skizze + welche Prinzipien trägt <b>M6-LB1-1-Bruch-Dezimal-Prozent</b> (Erweiterung des Zahlbereichs auf Bruchzahlen — Bruch ↔ Dezimal ↔ Prozent)?	"<b>Sequenz:</b> Vollabdeckung LB1.1 Bruchteile + Darstellungswechsel — 12 UE M6 (Spiralvorbereitung M7-Prozent)<br><i>Bruchbegriff durch enaktives Handeln (Falten, Zerlegen) aufbauen, dann ikonisch (Zahlenstrahl, Hundertstelquadrat) und symbolisch (Schreibweisen) erweitern. UE 11 als ★-Spiralbrücke zur M7R-LB1-Prozent. MS-spezifisch: Material-Verfügbarkeit für enaktive Stufe in Klasse 6 zentral, da viele SuS das...</i><br><br><b>UE-Skizze:</b><br>• <b>UE 1:</b> Bruchteile handelnd herstellen — Halbieren/Vierteln/Achteln <i>[Bruchteile handelnd herstellen + markieren · enaktiv → ikonisch]</i><br>• <b>UE 2:</b> Bruchteile in verschiedenen Flächenformen zeichnen <i>[Bruchteile handelnd herstellen + markieren · ikonisch]</i><br>• <b>UE 3:</b> Anteile beschreiben — Teil vom Ganzen, Teil von mehreren Ganzen <i>[Anteile beschreiben · ikonisch → symbolisch]</i><br>• <b>UE 4:</b> Brüche am Zahlenstrahl markieren <i>[Bruchteile handelnd herstellen + markieren · ikonisch]</i><br>• <b>UE 5:</b> Übung Bruchdarstellung (kompakt) <i>[Bruchteile handelnd herstellen + markieren + Anteile beschreiben · ikonisch]</i><br>• <b>UE 5+R:</b> Spaced-Retrieval (5 min) <i>[Bruchteile handelnd herstellen + markieren · symbolisch (mental)]</i><br>• <b>UE 6:</b> Erweitern und Kürzen — Reversibilität <i>[Erweitern/Kürzen + Brüche vergleichen · ikonisch → symbolisch]</i><br>• <b>UE 7:</b> Vergröbern/verfeinern — Bruchvergleich gleichnamig <i>[Erweitern/Kürzen + Brüche vergleichen · symbolisch]</i><br>• <b>UE 8:</b> Übung Erweitern/Kürzen (kompakt) <i>[Erweitern/Kürzen + Brüche vergleichen · symbolisch]</i><br>• <b>UE 8+R:</b> Spaced-Retrieval (5 min) <i>[Erweitern/Kürzen + Brüche vergleichen · symbolisch (mental)]</i><br>• <b>UE 9:</b> Zehnerpotenzen-Nenner → Dezimalbruch <i>[Bruch ↔ Dezimal darstellen · ikonisch → symbolisch]</i><br>• <b>UE 10:</b> Wechsel Bruch ↔ Dezimal — beide Richtungen <i>[Bruch ↔ Dezimal darstellen · symbolisch]</i><br>• <b>UE 11:</b> ★ Wechsel Bruch ↔ Dezimal ↔ Prozent — Spiralbrücke M7 <i>[Bruch ↔ Dezimal ↔ Prozent wechseln · symbolisch]</i><br>• <b>UE 12:</b> Übung Darstellungswechsel in Sachkontexten + Sicherung <i>[Bruch ↔ Dezimal ↔ Prozent wechseln · symbolisch-anwendend]</i><br><br><b>Prinzipien:</b><br>• <b>EIS-Prinzip (Bruner):</b> KE „stellen Bruchteile handelnd her"" + „zeichnen in verschiedenen Flächenformen"" + „markieren am Zahlenstrahl"" — vollständige EIS-Progression im KE-Wortlaut angelegt. <i>(GB §3.4 + Weigand §7 S. 9)</i><br>• <b>Spiralprinzip:</b> UE 5 IST die Spiralvorbereitung für M7R LB1 Prozent. LP+ formuliert die Brücke wörtlich: „wechseln die Darstellungsformen Bruch, Dezimalbruch und Prozentsatz"". Pauls Praxis nutzt es bewusst in UE 22.09.2025. <i>(Fachprofil M §2.3 + _Spiralprinzip_LP_Mathe.md §3 Track 2)</i><br>• <b>Darstellungswechsel (prozessbez. Komp.):</b> Eine der 6 prozessbez. Kompetenzen: „nutzen, interpretieren und unterscheiden verschiedene Darstellungsformen, wechseln flexibel zwischen ihnen"". Hier wörtlich in KE. <i>(Fachprofil M §2.2 (Darstellungen verwenden))</i><br>• <b>Operatives Prinzip:</b> Erweitern + Kürzen sind reversible Operationen; Wechsel zwischen Schreibweisen ist Komposition + Assoziativität. Übungsfeld für die 5 Operationsmerkmale. <i>(B1 §4.2 + Weigand §7)</i><br>• <b>Konstruktivistisches Lernen:</b> „handelnd herstellen"" als Pflicht im KE-Wortlaut — SuS konstruieren Bruchbegriff durch eigenes Tun, nicht durch Belehrung. <i>(GB §3 (5 Merkmale konstruktivistischen Lernens))</i><br><br><b>Antwortgerüst-Anschluss:</b> EIS-Prinzip, Spiralprinzip, Operatives-Prinzip, Konstruktivismus, Kompetenzstrukturmodell"	"LehrplanPLUS MS Bayern · M6 · LB1.1 Erweiterung des Zahlbereichs auf Bruchzahlen | Realisierung: idealtypisch — adjazent zu Pauls realer M7c-UE 22.09.2025 „Rationale Zahlen vergleichen"", in der Hundertstel-Training als Prozent-Vorbereitung explizit eingebaut war (Video-Stopp 4: „Hundertstel = Grundlage Prozent!"")"	MP_N18_Mathe_KE vorwissen M6 LB1.1 Anker Stufe3
Was sagt der LP+ in <b>M9R-LB1-Zinsrechnung</b> (Prozent- und Zinsrechnung)?	"Fundort: LehrplanPLUS MS Bayern · M9R · LB1 Prozent- und Zinsrechnung<br><br>„ordnen die Begriffe der Zinsrechnung (Kapital, Zinsen, Zinssatz und Zeit) in Kontexten sachgemäß zu. Sie übertragen die Grundaufgaben der Prozentrechnung auf die Zinsrechnung und nutzen so die Verfahren der Prozentrechnung für Berechnungen bei Jahreszinsen. Durch schrittweises Vorgehen ermitteln sie auch Zinseszinsen bei mehrjährigen Geldanlagen.“ <i>(Operator: zuordnen / übertragen / nutzen / ermitteln, AFB II-III)</i><br><br>„nutzen den linearen Zusammenhang von Zeit und Zinsen, um Zinsen für Zeiträume innerhalb eines Jahrs (Monats- und Tageszinsen) zu berechnen. In der Umkehrung schließen sie von Monats- und Tageszinsen auf Jahreszinsen (effektiver Jahreszins).“ <i>(Operator: nutzen / berechnen / schließen, AFB II-III)</i><br><br>„stellen unter Verwendung von Grundgrößen der Prozent- und Zinsrechnung deren funktionalen Zusammenhang sprachlich dar (z. B. „wie ändert sich …, wenn …"", „wenn …, dann …"" oder „je …, desto …"").“ <i>(Operator: darstellen (sprachlich), AFB II)</i><br><br>„stellen zu Schaubildern selbst Fragen mit mathematischem Gehalt, um deren Aussagekraft zu erhöhen.“ <i>(Operator: Fragen stellen, AFB II-III)</i><br><br>„wenden die Verfahren sowie Fachbegriffe der Prozent- und Zinsrechnung sachgemäß und automatisiert an.“ <i>(Operator: anwenden, AFB II)</i><br><br><b>Prozessbez. Komp.:</b> modellieren · argumentieren · kommunizieren · mit symbolischen, formalen und technischen Elementen umgehen · Probleme lösen<br><b>Gegenstandsbereiche:</b> Zahlen und Operationen · Funktionaler Zusammenhang · Größen und Messen"	LehrplanPLUS MS Bayern · M9R · LB1 Prozent- und Zinsrechnung | Realisierung: idealtypisch — Bausteinskript B3 §2 erwähnt Anschluss; LP+-Spiralreferenz explizit im KE-Wortlaut	MP_N18_Mathe_KE anschluss M9R LB1 Anker Stufe1
Wie realisierst du <b>M9R-LB1-Zinsrechnung</b> (Prozent- und Zinsrechnung)? Spiralanker?	"[idealtypisch] UE „Vom Prozent zum Zins"" — explizite Spiralreaktivierung der M7-Prozent-Verfahren<br><br><b>Verlauf:</b> Fünf-UE-Sequenz: Begriffsklärung Kapital/Zinsen/Zinssatz/Zeit im Spar-/Kreditkontext (UE 1) → Spiralreaktivierung Prozent-Verfahren für Jahreszinsen (UE 2) → Monats-/Tageszinsen mit linearem Zusammenhang (UE 3) → Effektiver Jahreszins als Umkehrung (UE 4) → Zinseszins-Stufenrechnung + Schaubildanalyse (UE 5).<br><br><b>↑ Vorwissen:</b> M7R-LB1-Prozent (★★ Pflicht-Vorgänger — KE-Wortlaut sagt wörtlich „übertragen die Grundaufgaben der Prozentrechnung auf die Zinsrechnung""); M7R-LB8-Proportionalitaet (Linearer Zusammenhang Zeit-Zinsen knüpft an proportionale Zuordnungen an); M6-LB1-1-Bruch-Dezimal-Prozent (Indirekt über M7R-LB1 als Zwei-Schritt-Spirale)<br><b>↓ Anschluss:</b> M10-Wachstumsprozesse ((idealtypisch) Wachstumsprozesse, exponentielle Zusammenhänge — finale Stufe der Spirale)"	LehrplanPLUS MS Bayern · M9R · LB1 Prozent- und Zinsrechnung | Realisierung: idealtypisch — Bausteinskript B3 §2 erwähnt Anschluss; LP+-Spiralreferenz explizit im KE-Wortlaut	MP_N18_Mathe_KE anschluss M9R LB1 Anker Stufe2
Welche Sequenz-Skizze + welche Prinzipien trägt <b>M9R-LB1-Zinsrechnung</b> (Prozent- und Zinsrechnung)?	"<b>Sequenz:</b> Vollabdeckung LB1 Prozent- und Zinsrechnung — 12 UE M9R (Spiralreaktivierung M7-Prozent)<br><i>Explizite Spiralreaktivierung der M7-Prozent-Verfahren als Transitivitäts-Übung (Operationsmerkmal Übertragung). Spar-/Kreditkontext aus Lebensumfeld der 15-Jährigen als Beziehungshaltigkeit. Linearer Zusammenhang Zeit-Zinsen knüpft an M7R-LB8 Proportionalität an. Zinseszins als operative Komposi...</i><br><br><b>UE-Skizze:</b><br>• <b>UE 1:</b> Einstieg Spar-/Kreditkontext — Begriffsbox K/Z/p/t <i>[K/Z/p/t zuordnen + Jahreszinsen/Zinseszins berechnen · enaktiv-konkret → ikonisch]</i><br>• <b>UE 2:</b> Jahreszinsen — Grundaufgabe 1 (Zinsen Z gesucht) <i>[K/Z/p/t zuordnen + Jahreszinsen/Zinseszins berechnen · symbolisch]</i><br>• <b>UE 3:</b> Jahreszinsen — Grundaufgabe 2 (Kapital K gesucht) <i>[K/Z/p/t zuordnen + Jahreszinsen/Zinseszins berechnen · symbolisch]</i><br>• <b>UE 4:</b> Jahreszinsen — Grundaufgabe 3 (Zinssatz p gesucht) <i>[K/Z/p/t zuordnen + Jahreszinsen/Zinseszins berechnen · symbolisch]</i><br>• <b>UE 5:</b> Übung Grundaufgaben Jahreszinsen (kompakt) <i>[K/Z/p/t zuordnen + Jahreszinsen/Zinseszins berechnen + Verfahren automatisiert anwenden · symbolisch]</i><br>• <b>UE 5+R:</b> Spaced-Retrieval (5 min) <i>[K/Z/p/t zuordnen + Jahreszinsen/Zinseszins berechnen · symbolisch (mental)]</i><br>• <b>UE 6:</b> Monatszinsen — linearer Zusammenhang Zeit-Zinsen <i>[Monats-/Tageszinsen + eff. Jahreszins berechnen + funkt. Zus. sprachlich darstellen (je-desto) · ikonisch ↔ symbolisch]</i><br>• <b>UE 7:</b> Tageszinsen (deutsche Methode 360 d) <i>[Monats-/Tageszinsen + eff. Jahreszins berechnen · symbolisch]</i><br>• <b>UE 8:</b> Übung Monats-/Tageszinsen (kompakt) <i>[Monats-/Tageszinsen + eff. Jahreszins berechnen + Verfahren automatisiert anwenden · symbolisch]</i><br>• <b>UE 8+R:</b> Spaced-Retrieval (5 min) <i>[Monats-/Tageszinsen + eff. Jahreszins berechnen · symbolisch (mental)]</i><br>• <b>UE 9:</b> Effektiver Jahreszins — Umkehrung (Reversibilität) <i>[Monats-/Tageszinsen + eff. Jahreszins berechnen · symbolisch-anwendend]</i><br>• <b>UE 10:</b> Schaubilder analysieren + eigene Fragen formulieren <i>[funkt. Zus. sprachlich darstellen (je-desto) + Fragen zu Schaubildern stellen · ikonisch-reflexiv]</i><br>• <b>UE 11:</b> Zinseszins — Stufenrechnung mehrjährige Geldanlage <i>[K/Z/p/t zuordnen + Jahreszinsen/Zinseszins berechnen · symbolisch-anwendend]</i><br>• <b>UE 12:</b> LNW + Anwendung Kreditvergleich <i>[K/Z/p/t zuordnen + Jahreszinsen/Zinseszins berechnen + Monats-/Tageszinsen + eff. Jahreszins berechnen + Verfahren automatisiert anwenden · symbolisch-anwendend]</i><br><br><b>Prinzipien:</b><br>• <b>Spiralprinzip + Kumulatives Lernen:</b> Wörtliche Spiral-Referenz im KE: „übertragen die Grundaufgaben der Prozentrechnung auf die Zinsrechnung"". LP+ markiert die Spirale damit selbst — selten so explizit wie hier. <i>(Fachprofil M §2.3 + GB §1.5 + _Spiralprinzip_LP_Mathe.md §3 Track 2)</i><br>• <b>Transitivität (Operationsmerkmal):</b> Klassischer Fall der Transitivität nach B1 §4.2.4: „erarbeitete Lösungswege auf andere Rechensituationen übertragen"". Prozent-Verfahren werden auf Zins transferiert. <i>(B1 §4.2.4)</i><br>• <b>Modellieren:</b> KE „nutzen den linearen Zusammenhang von Zeit und Zinsen"" + „stellen funktionalen Zusammenhang sprachlich dar (je-desto)"" = klassisches Modellieren proportionaler Zuordnungen. <i>(Fachprofil M §2.2 + LB8-Anschluss)</i><br>• <b>Beziehungshaltigkeit / Ökonomische Verbraucherbildung:</b> Sparen, Kredite, Effektivzins — ÜBZ Ökonomische Verbraucherbildung explizit gekoppelt. Fachprofil M §5: „Prozent- und Zinsrechnung bildet hierfür eine wichtige Grundlage"". <i>(Fachprofil M §5 (Ökonomische Verbraucherbildung) + Weigand §4)</i><br>• <b>Differenzierung (R/M-Variante):</b> M-Variante: Zinseszinsen + Effektivzins als komplexere Aufgaben — typisches Mittlere-Reife-Niveau („komplexere Aufgaben, höheres Tempo, mehr Selbstständigkeit"" Fachprofil M §3). <i>(Fachprofil M §3)</i><br><br><b>Antwortgerüst-Anschluss:</b> Spiralprinzip, Operatives-Prinzip, Modellieren, Differenzierung, Aktualitaet-Lebensweltbezug"	LehrplanPLUS MS Bayern · M9R · LB1 Prozent- und Zinsrechnung | Realisierung: idealtypisch — Bausteinskript B3 §2 erwähnt Anschluss; LP+-Spiralreferenz explizit im KE-Wortlaut	MP_N18_Mathe_KE anschluss M9R LB1 Anker Stufe3
Was sagt der LP+ in <b>UNIV-Kompetenzstrukturmodell</b> (Kompetenzstrukturmodell Mathematik MS — 6 prozessbezogene Kompetenzen × 5 Gegenstandsbereiche)?	Fundort: LehrplanPLUS MS Bayern · Fachprofil Mathematik §1.3 + §2.1 + §2.3 (orientiert an KMK-Bildungsstandards 2003/04)<br><br>„Das Modell gliedert sich in zwei stets miteinander verknüpfte Bereiche: prozessbezogene Kompetenzen (äußerer Ring) und fünf Gegenstandsbereiche (innere Felder), in denen inhaltsbezogene Kompetenzen erworben werden.“ <i>(Operator: (Strukturzitat), AFB -)</i><br><br>„Die Gegenstandsbereiche ermöglichen die inhaltliche Auseinandersetzung mit innermathematischen Zusammenhängen und Weltphänomenen. Sie durchziehen den Lehrplan spiralförmig über alle Jahrgangsstufen, fördern kumulatives Lernen und vernetztes Denken durch ihre Verknüpfung.“ <i>(Operator: (Strukturzitat), AFB -)</i><br><br>„Kompetenzorientierter Mathematikunterricht vermittelt nicht nur Regeln und Verfahren, sondern auch diverse Herangehensweisen an Problemstellungen, um Schüler für lebensweltliche und berufliche Herausforderungen sowie für lebenslanges Lernen zu befähigen. Er verbindet Wissensvermittlung mit Kompetenzerwerb, da Wissen ohne Anwendung keine Kompetenz darstellt.“ <i>(Operator: (Strukturzitat), AFB -)</i><br><br><b>Prozessbez. Komp.:</b> argumentieren · Probleme lösen · modellieren · Darstellungen verwenden · mit symbolischen, formalen und technischen Elementen umgehen · kommunizieren<br><b>Gegenstandsbereiche:</b> Zahlen und Operationen · Größen und Messen · Raum und Form · Funktionaler Zusammenhang · Daten und Zufall	LehrplanPLUS MS Bayern · Fachprofil Mathematik §1.3 + §2.1 + §2.3 (orientiert an KMK-Bildungsstandards 2003/04) | Realisierung: Fachprofil M §2 + Pauls Seminarübung v2 §1.2 (alle 8 UEs nach Modell strukturiert)	MP_N18_Mathe_KE universal universal Anker Stufe1
Wie realisierst du <b>UNIV-Kompetenzstrukturmodell</b> (Kompetenzstrukturmodell Mathematik MS — 6 prozessbezogene Kompetenzen × 5 Gegenstandsbereiche)? Spiralanker?	[seminaruebung] Strukturprinzip operationalisieren — Doppeltagging in jeder Stundenplanung<br><br><b>Verlauf:</b> Pro KE im LP+ ist sichtbar: prozessbezogene Kompetenzen + Gegenstandsbereiche markiert (Tooltip). Beispiel M7R-LB1-Prozent: modellieren + Probleme lösen + argumentieren + kommunizieren + symbolisch/formal/technisch + Darstellungen verwenden × Zahlen und Operationen + Funktionaler Zusammenhang + Daten und Zufall. Modell ist operativ in jede Stundenplanung integriert.<br><br><b>↑ Vorwissen:</b> GS-Mathe-Anschluss (GB §1.6 — Anschluss an Grundschule: Zahlbegriff, Kopfrechnen, Schlussrechnung, geometrische Vorstellung)<br><b>↓ Anschluss:</b> KMK-Bildungsstandards-MSA (Mittlerer Schulabschluss 2004: prozessbez. Komp. + Leitideen als gleiche Struktur)	LehrplanPLUS MS Bayern · Fachprofil Mathematik §1.3 + §2.1 + §2.3 (orientiert an KMK-Bildungsstandards 2003/04) | Realisierung: Fachprofil M §2 + Pauls Seminarübung v2 §1.2 (alle 8 UEs nach Modell strukturiert)	MP_N18_Mathe_KE universal universal Anker Stufe2
Welche Sequenz-Skizze + welche Prinzipien trägt <b>UNIV-Kompetenzstrukturmodell</b> (Kompetenzstrukturmodell Mathematik MS — 6 prozessbezogene Kompetenzen × 5 Gegenstandsbereiche)?	"<b>Sequenz:</b> Anwendungs-Skizze: Operationalisierung des Kompetenzstrukturmodells in einer Mathestunde (6-Phasen-Schema)<br><i>Das Modell wird in JEDER Stundenplanung operativ sichtbar durch Doppeltagging: pro Phase werden (a) prozessbezogene Kompetenzen und (b) Gegenstandsbereich(e) explizit markiert. So wird die Verknüpfung zwischen den zwei Achsen (Prozesse × Inhalte) nicht abstrakt-postuliert, sondern operativ-sichtbar.</i><br><br><b>UE-Skizze:</b><br>• <b>UE Phase 1:</b> Einstieg / Problembegegnung <i>[Modell-Struktur erklären (zwei Achsen) [Strukturzitat: zwei Achsen] · enaktiv-konkret]</i><br>• <b>UE Phase 2:</b> Erarbeitung enaktiv <i>[Gegenstandsbereiche spiralförmig vernetzen [Strukturzitat: Gegenstandsbereich-Verknüpfung] · enaktiv]</i><br>• <b>UE Phase 3:</b> Erarbeitung ikonisch <i>[Gegenstandsbereiche spiralförmig vernetzen · ikonisch]</i><br>• <b>UE Phase 4:</b> Erarbeitung symbolisch <i>[Kompetenz = Wissen + Anwendung erklären [Strukturzitat: Wissen + Anwendung] · symbolisch]</i><br>• <b>UE Phase 5:</b> Operative Durchdringung <i>[Kompetenz = Wissen + Anwendung erklären · symbolisch-flexibel]</i><br>• <b>UE Phase 6:</b> Anwendung / Sicherung <i>[Kompetenz = Wissen + Anwendung erklären · symbolisch-anwendend]</i><br><br><b>Prinzipien:</b><br>• <b>Kompetenzorientierung:</b> Modell ist OPERATIONALISIERUNG der Kompetenzorientierung — die zwei Achsen prozessbezogen × inhaltsbezogen lösen die Anforderung „Wissen + Anwendung"" aus Fachprofil M §1.3 strukturell ein. <i>(Fachprofil M §1.3 + §2.1 + B2 §3)</i><br>• <b>Spiralprinzip + Kumulatives Lernen:</b> 5 Gegenstandsbereiche durchziehen den Lehrplan SPIRALFÖRMIG — das ist die LP+-Selbstdefinition der Spirale. Vernetztes Denken folgt aus der Verknüpfung der Bereiche. <i>(Fachprofil M §2.3 wörtlich)</i><br>• <b>Kumulatives Lernen:</b> Spirale + Verknüpfung der 5 Gegenstandsbereiche = kumulatives + vernetztes Lernen. Im KE-Wortlaut wörtlich. <i>(Fachprofil M §2.3 + GB §1.5 + §3.4)</i><br>• <b>KMK-Bildungsstandards-Anschluss:</b> Modell orientiert sich an Bildungsstandards der KMK (Primarstufe 2003, HSA + MSA 2004). Bundesweite Kompatibilität. <i>(Fachprofil M §2.1)</i><br>• <b>Übergreifende Bildungsziele:</b> Modell ist Träger der ÜBZ — Mathematik trägt zu Sprachlicher Bildung (über Argumentieren+Kommunizieren), Medienbildung, Ökonomischer Verbraucherbildung, Beruflicher Orientierung bei. <i>(Fachprofil M §5)</i><br><br><b>Antwortgerüst-Anschluss:</b> Kompetenzstrukturmodell, Spiralprinzip, Modellieren, Kompetenzorientierung"	LehrplanPLUS MS Bayern · Fachprofil Mathematik §1.3 + §2.1 + §2.3 (orientiert an KMK-Bildungsstandards 2003/04) | Realisierung: Fachprofil M §2 + Pauls Seminarübung v2 §1.2 (alle 8 UEs nach Modell strukturiert)	MP_N18_Mathe_KE universal universal Anker Stufe3
Was sagt der LP+ in <b>M7R-LB2-Rationale-Zahlen</b> (Rechenregeln rationaler Zahlen (+, -, ·, :))?	Fundort: LehrplanPLUS MS Bayern · M7R · LB2 Rationale Zahlen<br><br>„veranschaulichen realitätsnahe Situationen als Additions-, Subtraktions-, Multiplikations- und Divisionsaufgaben rationaler Zahlen und erklären den Zusammenhang zwischen Sachkontext und mathematischem Modell.“ <i>(Operator: veranschaulichen / erklären, AFB II)</i><br><br>„erklären Regeln der Addition und Subtraktion rationaler Zahlen aus Sachbezügen und wenden sie in weiteren Kontexten an.“ <i>(Operator: erklären / anwenden, AFB II)</i><br><br>„erklären an Sachsituationen und Aufgabenreihen die Regeln der Multiplikation und Division rationaler Zahlen (Divisor in Dezimalschreibweise), basierend auf grundlegenden Kenntnissen, und wenden diese in weiteren Kontexten an.“ <i>(Operator: erklären / anwenden, AFB II-III)</i><br><br>„wenden die Rechenregeln rationaler Zahlen (auch in Überschlagsrechnungen und Sachkontexten) an und nutzen sie für vorteilhaftes und sinnvolles Rechnen.“ <i>(Operator: anwenden / nutzen, AFB II)</i><br><br><b>Prozessbez. Komp.:</b> modellieren · argumentieren · mit symbolischen, formalen und technischen Elementen umgehen · kommunizieren<br><b>Gegenstandsbereiche:</b> Zahlen und Operationen	LehrplanPLUS MS Bayern · M7R · LB2 Rationale Zahlen | Realisierung: mathematics_7c/03_stunden/2025-09-22_Rationale_Zahlen_vergleichen.md + B3 §2 (Beispiel-Sequenzplanung)	MP_N18_Mathe_KE kern M7R LB2 Anker Stufe1
Wie realisierst du <b>M7R-LB2-Rationale-Zahlen</b> (Rechenregeln rationaler Zahlen (+, -, ·, :))? Spiralanker?	"[real] Reale UE „Rationale Zahlen vergleichen"" 22.09.2025 + idealtypische Folge-UEs<br><br><b>Verlauf:</b> Pauls reale UE 22.09.2025 mit Video-Stopps an der Zahlengeraden + HTML-AB Hundertstelquadrat-Markierung; primär als Spirale-Reaktivierung M6 → M7 konzipiert. Folge-UEs (Addition/Subtraktion/Multiplikation/Division rationaler Zahlen) idealtypisch nach Bausteinskript B3-Schema mit Sachkontexten (Kontostände, Temperaturen, Höhenunterschiede). Multiplikations-Regel besonders heikel: „Minus mal Minu...<br><br><b>↑ Vorwissen:</b> M6-LB2-Rationale-Zahlen-Einfuehrung (★ ℚ-Erweiterung über Kontostände/Temperatur — direkter Vorgänger); M6-LB1-2-Bruchrechnung (Grundrechenarten mit positiven Bruchzahlen); M5-LB2-Ganze-Zahlen (Vorzeichen + Zustandsänderungen + Pfeildarstellung)<br><b>↓ Anschluss:</b> M9R-LB7-Komplexe-Gleichungen (Rechenregeln in Äquivalenzumformungen); M9R-LB2-Potenzen (Rechenregeln auf Zehnerpotenzen erweitert)"	LehrplanPLUS MS Bayern · M7R · LB2 Rationale Zahlen | Realisierung: mathematics_7c/03_stunden/2025-09-22_Rationale_Zahlen_vergleichen.md + B3 §2 (Beispiel-Sequenzplanung)	MP_N18_Mathe_KE kern M7R LB2 Anker Stufe2
Welche Sequenz-Skizze + welche Prinzipien trägt <b>M7R-LB2-Rationale-Zahlen</b> (Rechenregeln rationaler Zahlen (+, -, ·, :))?	<b>Sequenz:</b> Vollabdeckung LB2 Rationale Zahlen — 18 UE M7R<br><i>Spiralanknüpfung an M6 LB2 (Einführung ℚ) + M5 LB2 (ganze Zahlen + Pfeildarstellung). EIS-Progression: enaktiv UE 1-2 (Zahlengerade + Pfeilketten), ikonisch UE 3-7 (Pfeildarstellung schriftlich), symbolisch UE 8-18 (Regeln formal). Permanenzprinzip (Hankel) explizit thematisieren — die Rechenrege...</i><br><br><b>UE-Skizze:</b><br>• <b>UE 1:</b> Spiralreaktivierung — Zahlengerade ℚ + Vergleich <i>[Sachsituationen veranschaulichen · ikonisch]</i><br>• <b>UE 2:</b> Addition + Subtraktion — Pfeildarstellung <i>[Sachsituationen veranschaulichen + Regeln Addition/Subtraktion erklären · enaktiv → ikonisch]</i><br>• <b>UE 3:</b> Regel + + + = + / + - - = + — Begründung <i>[Regeln Addition/Subtraktion erklären · ikonisch → symbolisch]</i><br>• <b>UE 4:</b> Übung Addition/Subtraktion (kompakt) <i>[Regeln Addition/Subtraktion anwenden · symbolisch]</i><br>• <b>UE 4+R:</b> Spaced-Retrieval (5 min) <i>[Regeln Addition/Subtraktion anwenden · symbolisch (mental)]</i><br>• <b>UE 5:</b> Multiplikation positiver rationaler Zahlen <i>[Regeln Multiplikation erklären · ikonisch → symbolisch]</i><br>• <b>UE 6a:</b> Vorzeichenregel Multiplikation — Material <i>[Regeln Multiplikation erklären · enaktiv]</i><br>• <b>UE 6b:</b> Vorzeichenregel Multiplikation — Notation <i>[Regeln Multiplikation erklären · ikonisch → symbolisch]</i><br>• <b>UE 7:</b> Division mit Dezimaldivisor <i>[Regeln Division erklären / anwenden · symbolisch]</i><br>• <b>UE 8:</b> Übung Multiplikation/Division (kompakt) <i>[Regeln Multiplikation + Division anwenden · symbolisch]</i><br>• <b>UE 8+R:</b> Spaced-Retrieval (5 min) <i>[Regeln Multiplikation + Division anwenden · symbolisch (mental)]</i><br>• <b>UE 9:</b> Punkt-vor-Strich + Klammern in ℚ <i>[Rechenregeln anwenden · symbolisch]</i><br>• <b>UE 10:</b> Vorteilhaftes Rechnen + Überschlag <i>[Rechenregeln nutzen / vorteilhaft · symbolisch (mental)]</i><br>• <b>UE 11:</b> Sachkontexte — Kontostände + Temperaturen <i>[Sachsituationen veranschaulichen + erklären · symbolisch-anwendend]</i><br>• <b>UE 12:</b> Sachkontexte — Höhenunterschiede + Pegel <i>[Sachsituationen veranschaulichen + erklären · symbolisch-anwendend]</i><br>• <b>UE 13:</b> Übung Sachaufgaben (kompakt) <i>[Sachsituationen veranschaulichen + erklären + Rechenregeln anwenden · symbolisch-anwendend]</i><br>• <b>UE 14:</b> Vermischte Übung — alle Operationen <i>[Rechenregeln anwenden / nutzen · symbolisch]</i><br>• <b>UE 15:</b> Fehleranalyse — typische Stolperfallen <i>[Rechenregeln anwenden + erkennen/verbessern Fehler · symbolisch-reflexiv]</i><br>• <b>UE 16:</b> LNW-Vorbereitung — gemischte Aufgaben <i>[alle KE · symbolisch]</i><br>• <b>UE 17:</b> Leistungsnachweis (Probearbeit) <i>[alle KE · symbolisch]</i><br>• <b>UE 18:</b> Fehleranalyse post-Probe — Lernen aus Fehlern <i>[erkennen/verbessern Fehler · metakognitiv]</i><br><br><b>Prinzipien:</b><br>• <b>Permanenzprinzip (Hankel):</b> Rechenregeln aus ℕ/ℤ werden auf ℚ erweitert — die Vorzeichenregel der Multiplikation folgt aus dem Erhalt des Distributivgesetzes. Operative Begründungs-Architektur. <i>(B1 §4.2.2 + Vollrath/Weigand Algebra-Didaktik)</i><br>• <b>EIS-Prinzip:</b> Zahlengerade + Pfeildarstellung (enaktiv-ikonisch) → Regel-Notation (symbolisch). UE 2 + 6a + 6b vollständige EIS-Sequenz für Vorzeichenregel. <i>(GB §3.4 + Weigand §7)</i><br>• <b>Operatives Prinzip:</b> Komposition (Pfeil-Verkettung), Variabilität (Wahl Bruch/Dezimal), Reversibilität (Division als Umkehrung). <i>(B1 §4.2 + Wittmann/Müller)</i><br>• <b>Spiralprinzip:</b> Anschluss an M6 LB2 (ℚ-Einführung) + M5 LB2 (Pfeildarstellung). M7c-UE 22.09. Real-Beleg für Spiral-Stopp Klasse 6 → 7. <i>(Fachprofil M §2.3 + _Spiralprinzip_LP_Mathe.md Track 1)</i><br>• <b>Fehlerkultur (veränderte Leistungsmessung):</b> UE 15 + 18 als didaktisch eigenständige Fehleranalyse-Phasen; Fehler-Markierungs-Schlüssel in Probe; Spychiger-Typologie sichtbar. <i>(Weigand §6 + LP+ §2.2 (Argumentieren: Fehler regen zum Nachdenken an))</i><br><br><b>Antwortgerüst-Anschluss:</b> Operatives-Prinzip, EIS-Prinzip, Spiralprinzip, Leistungsmessung, Konstruktivismus	LehrplanPLUS MS Bayern · M7R · LB2 Rationale Zahlen | Realisierung: mathematics_7c/03_stunden/2025-09-22_Rationale_Zahlen_vergleichen.md + B3 §2 (Beispiel-Sequenzplanung)	MP_N18_Mathe_KE kern M7R LB2 Anker Stufe3
Was sagt der LP+ in <b>M7R-LB3-Geometrie-Konstruktion</b> (Geometrische Grundkonstruktionen + Dreiecke + Prismen)?	Fundort: LehrplanPLUS MS Bayern · M7R · LB3 Geometrische Figuren, Körper und Lagebeziehungen<br><br>„zeichnen Mittelsenkrechte und Senkrechte, um Abstände zu ermitteln und Lagebeziehungen in alltagsnahen Sachzusammenhängen zu beschreiben.“ <i>(Operator: zeichnen / ermitteln / beschreiben, AFB I-II)</i><br><br>„vergrößern und verkleinern Figuren maßstäblich (auch in Koordinatensystemen), bestimmen Längen/Entfernungen aus Zeichnungen/Karten und entwickeln grundlegende Vorstellungen zum Maßstab für den Alltagsgebrauch.“ <i>(Operator: vergrößern / verkleinern / bestimmen, AFB II)</i><br><br>„beschreiben Eigenschaften verschiedener Dreiecke (auch in ihrer Umwelt), ordnen diese begründet in allgemeine und spezielle (rechtwinklige, gleichschenklige, gleichseitige) Dreiecke ein und beschriften sie fachgerecht.“ <i>(Operator: beschreiben / ordnen / einordnen, AFB II-III)</i><br><br>„zeichnen Dreiecke aus gegebenen Winkel- und Seitenmaßen (sss, sws, wsw) unter Verwendung angemessener Hilfsmittel.“ <i>(Operator: zeichnen, AFB II)</i><br><br>„begründen die Innenwinkelsumme im Dreieck mithilfe einer Problemlösestrategie und nutzen diese Erkenntnis zur Berechnung fehlender Winkel.“ <i>(Operator: begründen / nutzen / berechnen, AFB III)</i><br><br>„identifizieren und benennen Prismen (Grundfläche: Rechteck, Parallelogramm, Dreieck), unterscheiden diese nach geometrischen Kriterien und verwenden dabei Fachbegriffe.“ <i>(Operator: identifizieren / benennen / unterscheiden, AFB I-II)</i><br><br>„zeichnen Prismen (Grundfläche: Rechteck, Parallelogramm, Dreieck) als Netze und Schrägbildskizzen, beschriften sie, wechseln zwischen Darstellungsformen und erkennen/erläutern Fehler.“ <i>(Operator: zeichnen / beschriften / wechseln / erkennen, AFB II-III)</i><br><br><b>Prozessbez. Komp.:</b> argumentieren · Probleme lösen · Darstellungen verwenden · mit symbolischen, formalen und technischen Elementen umgehen · kommunizieren<br><b>Gegenstandsbereiche:</b> Raum und Form · Größen und Messen	LehrplanPLUS MS Bayern · M7R · LB3 Geometrische Figuren, Körper und Lagebeziehungen | Realisierung: B5 §3 Geometrie-Strukturmodell + B5 §4 Beispiel-Sequenzen	MP_N18_Mathe_KE kern M7R LB3 Anker Stufe1
Wie realisierst du <b>M7R-LB3-Geometrie-Konstruktion</b> (Geometrische Grundkonstruktionen + Dreiecke + Prismen)? Spiralanker?	[idealtypisch] Geometrie-Strukturmodell B5 als 6-Phasen-Sequenz<br><br><b>Verlauf:</b> Sequenz aufgebaut nach B5 §3 Geometrie-Strukturmodell (Motivation → Problemfindung → Lösungsvorstrukturierung → Erarbeitung → Erfolgssicherung → Transfer). Mittelsenkrechte als Einführung; dann Maßstab; Dreiecks-Klassifikation; Konstruktion (sss/sws/wsw); Innenwinkelsumme; Prismen-Topologie + Netze/Schrägbilder. MS-Spezifik: enaktive Phase mit Modellkörpern länger nötig (B1 §1 — formal-operativ...<br><br><b>↑ Vorwissen:</b> M6-LB3-Vierecke-Koerper (★ Vierecks-Klassifikation + Würfel/Quader-Netze + Sonderform-Hierarchie); M5-LB3-Geometrie-Grundlagen (Linien (senkrecht/parallel) + Winkel-Klassifikation + Koordinatensystem)<br><b>↓ Anschluss:</b> M9R-LB3-Pythagoras (★ Satz d. Pythagoras + Pyramide/Kegel); M9R-LB4-5-Vielecke-Volumen (Regelmäßige Vielecke + V = ⅓·G·hk)	LehrplanPLUS MS Bayern · M7R · LB3 Geometrische Figuren, Körper und Lagebeziehungen | Realisierung: B5 §3 Geometrie-Strukturmodell + B5 §4 Beispiel-Sequenzen	MP_N18_Mathe_KE kern M7R LB3 Anker Stufe2
Welche Sequenz-Skizze + welche Prinzipien trägt <b>M7R-LB3-Geometrie-Konstruktion</b> (Geometrische Grundkonstruktionen + Dreiecke + Prismen)?	<b>Sequenz:</b> Vollabdeckung LB3 Geometrie-Konstruktion — 22 UE M7R<br><i>Spiralanknüpfung M5/M6 (Linien, Vierecke, Würfel/Quader) → Erweiterung auf Dreiecke + Prismen mit allgemeinerer Grundfläche. EIS-Progression: enaktiv (Modellkörper, Faltbastel) → ikonisch (Skizze, Schrägbild, Netz) → symbolisch (Konstruktionsbeschreibung, Fachsprache). Geometrie-Strukturmodell B1...</i><br><br><b>UE-Skizze:</b><br>• <b>UE 1:</b> Mittelsenkrechte konstruieren — Abstandsproblem <i>[Mittelsenkrechte zeichnen · enaktiv → ikonisch]</i><br>• <b>UE 2:</b> Senkrechte zeichnen + Lagebeziehungen <i>[Mittelsenkrechte zeichnen / Senkrechte zeichnen · ikonisch]</i><br>• <b>UE 3:</b> Übung Grundkonstruktionen (kompakt) <i>[Mittelsenkrechte + Senkrechte zeichnen · ikonisch]</i><br>• <b>UE 4:</b> Maßstab — Vergrößern + Verkleinern <i>[vergrößern / verkleinern maßstäblich · enaktiv → ikonisch]</i><br>• <b>UE 5:</b> Übung Maßstab (kompakt) <i>[vergrößern/verkleinern + Längen aus Karten bestimmen · symbolisch]</i><br>• <b>UE 5+R:</b> Spaced-Retrieval (5 min) <i>[Mittelsenkrechte/Senkrechte + Maßstab · symbolisch (mental)]</i><br>• <b>UE 6:</b> Dreiecke klassifizieren — Eigenschaften <i>[Dreiecke beschreiben/einordnen · enaktiv → ikonisch]</i><br>• <b>UE 7:</b> Dreiecks-Konstruktion sss <i>[Dreiecke aus Maßen zeichnen · ikonisch]</i><br>• <b>UE 8:</b> Dreiecks-Konstruktion sws + wsw <i>[Dreiecke aus Maßen zeichnen · ikonisch]</i><br>• <b>UE 9:</b> Übung Dreiecks-Konstruktion (kompakt) <i>[Dreiecke aus Maßen zeichnen · ikonisch]</i><br>• <b>UE 9+R:</b> Spaced-Retrieval (5 min) <i>[Dreiecke aus Maßen zeichnen · ikonisch]</i><br>• <b>UE 10:</b> Innenwinkelsumme entdecken — Problemlöse-UE <i>[Innenwinkelsumme begründen · enaktiv → symbolisch]</i><br>• <b>UE 11:</b> Innenwinkelsumme anwenden — fehlende Winkel berechnen <i>[Innenwinkelsumme nutzen / berechnen · symbolisch]</i><br>• <b>UE 12:</b> Übung Innenwinkelsumme (kompakt) <i>[Innenwinkelsumme nutzen / berechnen · symbolisch]</i><br>• <b>UE 13:</b> Prismen identifizieren — Modellkörper <i>[Prismen identifizieren / benennen / unterscheiden · enaktiv]</i><br>• <b>UE 14:</b> Netze von Prismen entwickeln <i>[Prismen als Netze zeichnen · enaktiv → ikonisch]</i><br>• <b>UE 15:</b> Schrägbild-Skizzen von Prismen <i>[Prismen als Schrägbilder zeichnen + Darstellungen wechseln · ikonisch]</i><br>• <b>UE 16:</b> Übung Netze + Schrägbilder (kompakt) <i>[Prismen als Netze + Schrägbilder zeichnen + Darstellungen wechseln · ikonisch]</i><br>• <b>UE 16+R:</b> Spaced-Retrieval (5 min) <i>[Prismen identifizieren + Netze/Schrägbilder zeichnen · ikonisch (mental)]</i><br>• <b>UE 17:</b> Fehler in Skizzen erkennen + erläutern <i>[Fehler erkennen / erläutern · ikonisch-reflexiv]</i><br>• <b>UE 18:</b> Vermischte Übung Geometrie (kompakt) <i>[alle KE · ikonisch + symbolisch]</i><br>• <b>UE 19:</b> LNW-Vorbereitung — Probeprobearbeit <i>[alle KE · ikonisch + symbolisch]</i><br>• <b>UE 20:</b> Leistungsnachweis (Probearbeit) <i>[alle KE · ikonisch + symbolisch]</i><br>• <b>UE 21:</b> Fehleranalyse post-Probe <i>[Fehler erkennen / erläutern · metakognitiv]</i><br>• <b>UE 22:</b> Anwendung — Berufsbezug Geometrie <i>[alle KE + berufsbez. Anwendung · symbolisch-anwendend]</i><br><br><b>Prinzipien:</b><br>• <b>Geometrie-Strukturmodell B1 §6:</b> 6-Phasen-Schema (Motivation → Problemfindung → Lösungsvorstrukturierung → Erarbeitung → Erfolgssicherung → Transfer) prägt UE 1 + UE 10 (Innenwinkelsumme entdecken). <i>(B1 §6 + B5 §3)</i><br>• <b>EIS-Prinzip:</b> Modellkörper (enaktiv UE 13) → Netze + Schrägbilder (ikonisch UE 14-15) → Konstruktionsbeschreibung (symbolisch). Aebli-Verinnerlichung über die Sequenz. <i>(GB §3.4 + B5 §3.2.1)</i><br>• <b>Operatives Prinzip:</b> Reversibilität (Innenwinkelsumme als Berechnungs-Reversierung), Variabilität (sss/sws/wsw als drei Konstruktions-Wege), Komposition (Sonderform-Hierarchie der Dreiecke). <i>(B1 §4.2 + Wittmann/Müller)</i><br>• <b>Problemlösen + Genetisches Prinzip:</b> Mittelsenkrechte (UE 1) + Innenwinkelsumme (UE 10) als entdeckendes Lernen — Verfahren entstehen aus dem Problem. <i>(Weigand §3 + B5 §4)</i><br>• <b>Sprachsensibler MU:</b> Wortspeicher Fachbegriffe (Mittelsenkrechte, Hypotenuse, Schenkel, Seitenfläche) in UE 2 + 13 + 17; DaZ-Markierung im LP+ explizit. <i>(Fachprofil M §4 + Hopf 2014)</i><br><br><b>Antwortgerüst-Anschluss:</b> EIS-Prinzip, Operatives-Prinzip, Problemloesen-Polya, Induktives-Vorgehen, Differenzierung	LehrplanPLUS MS Bayern · M7R · LB3 Geometrische Figuren, Körper und Lagebeziehungen | Realisierung: B5 §3 Geometrie-Strukturmodell + B5 §4 Beispiel-Sequenzen	MP_N18_Mathe_KE kern M7R LB3 Anker Stufe3
Was sagt der LP+ in <b>M7R-LB4-Flaecheninhalt</b> (Flächeninhalt von Parallelogrammen + Dreiecken + Oberflächeninhalt von Prismen)?	Fundort: LehrplanPLUS MS Bayern · M7R · LB4 Flächeninhalt<br><br>„erklären die Flächeninhaltsberechnung von Parallelogrammen anschaulich durch Zerlegung in flächengleiche Rechtecke.“ <i>(Operator: erklären, AFB II-III)</i><br><br>„erklären die Flächeninhaltsberechnung von Dreiecken anschaulich durch Zerlegung/Ergänzung zu Parallelogrammen und erkennen Grundseite und Höhe als ausschlaggebende Größen.“ <i>(Operator: erklären / erkennen, AFB II-III)</i><br><br>„berechnen Flächeninhalte von Parallelogrammen, Dreiecken und zusammengesetzten Figuren sowie lösen dazu Umkehr- und sachbezogene Aufgaben.“ <i>(Operator: berechnen / lösen, AFB II)</i><br><br>„berechnen Oberflächeninhalte von geraden Dreieckprismen und einfachen zusammengesetzten Körpern (auch in Sachsituationen) mithilfe von Netzen oder Schrägbildern als Summe der Teilflächen.“ <i>(Operator: berechnen, AFB II-III)</i><br><br><b>Prozessbez. Komp.:</b> argumentieren · Probleme lösen · Darstellungen verwenden · modellieren · mit symbolischen, formalen und technischen Elementen umgehen<br><b>Gegenstandsbereiche:</b> Raum und Form · Größen und Messen	LehrplanPLUS MS Bayern · M7R · LB4 Flächeninhalt | Realisierung: B4 §2 (Beispiel) + B5 §4	MP_N18_Mathe_KE kern M7R LB4 Anker Stufe1
Wie realisierst du <b>M7R-LB4-Flaecheninhalt</b> (Flächeninhalt von Parallelogrammen + Dreiecken + Oberflächeninhalt von Prismen)? Spiralanker?	"[idealtypisch] Sequenz „Vom Rechteck zum Dreieck — Zerlegungs-Strategie""<br><br><b>Verlauf:</b> Sequenz mit zentralem Operativ-Prinzip Zerlegung/Ergänzung. UE 1-3: Rechteckformel reaktivieren + Parallelogramm zerlegen in Rechteck (enaktiv mit Karton). UE 4-6: Dreieck aus Parallelogramm halbieren (Doppel-Dreieck als operative Erkenntnis). UE 7-9: zusammengesetzte Figuren. UE 10-13: Oberflächeninhalt Dreieckprismen über Netze. Klafki-Bildungsgehalt: Maß-Begriff als kategoriale Erschließung ...<br><br><b>↑ Vorwissen:</b> M5-LB4-Flaecheninhalt-Rechteck (★ Auslegen mit Einheitsquadraten → Rechteckformel A = a·b); M7R-LB3-Geometrie-Konstruktion (Dreieck-Klassifikation + Grundseite/Höhe-Konzept); M6-LB3-Vierecke-Koerper (Parallelogramm-Klassifikation + Sonderform-Hierarchie)<br><b>↓ Anschluss:</b> M9R-LB4-5-Vielecke-Volumen (★ Vielecke zerlegen in gleichschenklige Dreiecke); M7R-LB5-Volumen (Direkt anknüpfend — Grundfläche bei Prismen)"	LehrplanPLUS MS Bayern · M7R · LB4 Flächeninhalt | Realisierung: B4 §2 (Beispiel) + B5 §4	MP_N18_Mathe_KE kern M7R LB4 Anker Stufe2
Welche Sequenz-Skizze + welche Prinzipien trägt <b>M7R-LB4-Flaecheninhalt</b> (Flächeninhalt von Parallelogrammen + Dreiecken + Oberflächeninhalt von Prismen)?	<b>Sequenz:</b> Vollabdeckung LB4 Flächeninhalt — 14 UE M7R<br><i>Operative Zerlegungs-Strategie als spirale Brücke M5 → M7 → M9. EIS: enaktiv (Karton-Zerlegung, Falten) → ikonisch (Skizze, parallele Hilfslinien) → symbolisch (Formelherleitung). Differenzierung über Grundflächen-Komplexität. Klafki: Flächeninhalts-Begriff als anthropologische Konstante (Land, W...</i><br><br><b>UE-Skizze:</b><br>• <b>UE 1:</b> Spiralreaktivierung Rechteckformel + Auslegen <i>[(Vorwissen) · ikonisch]</i><br>• <b>UE 2:</b> Parallelogramm zerlegen — Karton-Experiment <i>[Parallelogramm-Flächeninhalt erklären · enaktiv]</i><br>• <b>UE 3:</b> Formel Parallelogramm festigen <i>[Parallelogramm-Flächeninhalt erklären + berechnen · ikonisch → symbolisch]</i><br>• <b>UE 4:</b> Übung Parallelogramm (kompakt) <i>[Parallelogramm-Flächeninhalt berechnen · symbolisch]</i><br>• <b>UE 5:</b> Dreieck aus Parallelogramm halbieren <i>[Dreieck-Flächeninhalt erklären / Grundseite + Höhe erkennen · enaktiv → ikonisch]</i><br>• <b>UE 5+R:</b> Spaced-Retrieval (5 min) <i>[Parallelogramm + Dreieck-Flächeninhalt berechnen · symbolisch (mental)]</i><br>• <b>UE 6:</b> Dreieck-Formel festigen + Höhe finden <i>[Dreieck-Flächeninhalt erklären + berechnen · ikonisch → symbolisch]</i><br>• <b>UE 7:</b> Übung Dreieck (kompakt) <i>[Dreieck-Flächeninhalt berechnen · symbolisch]</i><br>• <b>UE 8:</b> Zusammengesetzte Figuren <i>[zusammengesetzte Figuren berechnen + Umkehr-Aufgaben lösen · symbolisch]</i><br>• <b>UE 9:</b> Sachaufgaben — Wohnraum + Grundstück <i>[Flächeninhalte berechnen + sachbezogene Aufgaben lösen · symbolisch-anwendend]</i><br>• <b>UE 9+R:</b> Spaced-Retrieval (5 min) <i>[Flächeninhalte berechnen + sachbezogene Aufgaben · symbolisch (mental)]</i><br>• <b>UE 10:</b> Oberflächeninhalt Dreieckprisma — Netz analysieren <i>[Oberflächeninhalt gerader Dreieckprismen berechnen · enaktiv → ikonisch]</i><br>• <b>UE 11:</b> Übung Oberflächeninhalt + zusammengesetzte Körper (kompakt) <i>[Oberflächeninhalt berechnen · symbolisch]</i><br>• <b>UE 12:</b> Berufsbezug — Maler, Glaser, Verputzer <i>[Flächeninhalte + Oberflächeninhalte berechnen / berufsbez. · symbolisch-anwendend]</i><br>• <b>UE 13:</b> LNW-Vorbereitung <i>[alle KE · symbolisch]</i><br>• <b>UE 14:</b> Leistungsnachweis (Probearbeit) + Fehleranalyse-Anschluss <i>[alle KE + Fehler erkennen / verbessern · symbolisch]</i><br><br><b>Prinzipien:</b><br>• <b>Operatives Prinzip — Zerlegung/Ergänzung:</b> Zentrales Verfahren der ganzen Sequenz: Parallelogramm zerlegen (UE 2), Dreieck als Halbparallelogramm (UE 5), zusammengesetzte Figuren (UE 8) — Komposition + Reversibilität ständig sichtbar. <i>(B1 §4.2 + Wittmann/Müller)</i><br>• <b>EIS-Prinzip:</b> Karton-Experimente (UE 2, 5, 10) als enaktive Stufe; Skizzen als ikonische; Formel als symbolische. Vollständige EIS-Sequenz pro Formel. <i>(GB §3.4 + Weigand §7)</i><br>• <b>Spiralprinzip:</b> Brücke M5-Rechteck → M7-Parallelogramm/Dreieck → M9-Vielecke. Zerlegungs-Verfahren als spirale Konstante. <i>(Fachprofil M §2.3 + _Spiralprinzip_LP_Mathe.md Track 3)</i><br>• <b>Modellieren / Sachrechnen:</b> UE 9 (Wohnraum) + UE 12 (Beruf) als authentische Anwendungs-Sachverhalte mit Validierungs-Phase. <i>(Fachprofil M §2.2 + B2)</i><br>• <b>Differenzierung:</b> AB-Niveau-Differenzierung in Übungs-UEs (4, 7, 8, 11) + Höhe-Konstruktions-Hilfen in UE 6 als Stütze für schwächere SuS. <i>(Fachprofil M §1.5 + GB §3.4)</i><br><br><b>Antwortgerüst-Anschluss:</b> Operatives-Prinzip, EIS-Prinzip, Spiralprinzip, Modellieren, Differenzierung	LehrplanPLUS MS Bayern · M7R · LB4 Flächeninhalt | Realisierung: B4 §2 (Beispiel) + B5 §4	MP_N18_Mathe_KE kern M7R LB4 Anker Stufe3
Was sagt der LP+ in <b>M7R-LB5-Volumen</b> (Volumen gerader Prismen + zusammengesetzte Körper)?	Fundort: LehrplanPLUS MS Bayern · M7R · LB5 Rauminhalt<br><br>„erklären die Volumenberechnung gerader Prismen (Grundfläche: Rechteck, Parallelogramm, Dreieck) anschaulich.“ <i>(Operator: erklären, AFB II-III)</i><br><br>„lösen Aufgaben zu Volumina gerader Prismen und daraus zusammengesetzter Körper sowie Sachaufgaben mit Bezug zur beruflichen Praxis.“ <i>(Operator: lösen, AFB II)</i><br><br><b>Prozessbez. Komp.:</b> argumentieren · Probleme lösen · modellieren · mit symbolischen, formalen und technischen Elementen umgehen<br><b>Gegenstandsbereiche:</b> Raum und Form · Größen und Messen	LehrplanPLUS MS Bayern · M7R · LB5 Rauminhalt | Realisierung: B5 §4 + B1 §6 (Geometrie-Strukturmodell)	MP_N18_Mathe_KE kern M7R LB5 Anker Stufe1
Wie realisierst du <b>M7R-LB5-Volumen</b> (Volumen gerader Prismen + zusammengesetzte Körper)? Spiralanker?	"[idealtypisch] Sequenz „Vom Quader zum Prisma — V = G·h als zentrale Analogie""<br><br><b>Verlauf:</b> Sequenz mit operativer Analogie V = G·h als Spiralanker zwischen M6-Würfel/Quader und M9R-Vielecks-Prismen. Enaktive Stufe (UE 1-2): Würfel/Quader-Volumen mit Einheitswürfeln reaktivieren + Prismen-Modellkörper schichten. Operative Erkenntnis: Volumen entsteht durch „Schicht-Stapelung"" der Grundfläche.<br><br><b>↑ Vorwissen:</b> M6-LB4-5-Quader-Volumen (★ Auslegen mit Einheitswürfeln → V = a·b·c); M7R-LB4-Flaecheninhalt (★ Grundfläche-Berechnung (Parallelogramm/Dreieck) — direkter Anschluss)<br><b>↓ Anschluss:</b> M9R-LB4-5-Vielecke-Volumen (★ V = G·hk für regelmäßige Vielecks-Prismen + V = ⅓·G·hk Pyramide/Kegel)"	LehrplanPLUS MS Bayern · M7R · LB5 Rauminhalt | Realisierung: B5 §4 + B1 §6 (Geometrie-Strukturmodell)	MP_N18_Mathe_KE kern M7R LB5 Anker Stufe2
Welche Sequenz-Skizze + welche Prinzipien trägt <b>M7R-LB5-Volumen</b> (Volumen gerader Prismen + zusammengesetzte Körper)?	<b>Sequenz:</b> Vollabdeckung LB5 Volumen — 10 UE M7R<br><i>Spiralreaktivierung M6-Würfel/Quader-Volumen + Erweiterung auf Parallelogramm-/Dreieck-Prismen. EIS: enaktiv (Schichten von Einheitswürfeln/Modell-Prismen) → ikonisch (Schrägbild-Schichtung) → symbolisch (V = G·h-Formel). Operative Analogie als spiralige Brücke zu M9R (V = ⅓·G·h Pyramide). Differ...</i><br><br><b>UE-Skizze:</b><br>• <b>UE 1:</b> Spiralreaktivierung Würfel/Quader-Volumen <i>[(Vorwissen) · enaktiv → ikonisch]</i><br>• <b>UE 2:</b> Prisma als geschichteter Quader — Modell-Erkenntnis <i>[Volumenberechnung erklären · enaktiv]</i><br>• <b>UE 3:</b> Formel V = G·h für Dreieck-Prisma <i>[Volumenberechnung erklären / lösen · ikonisch → symbolisch]</i><br>• <b>UE 4:</b> Übung Prismen-Volumen (kompakt) <i>[Volumenberechnung lösen · symbolisch]</i><br>• <b>UE 4+R:</b> Spaced-Retrieval (5 min) <i>[Volumenberechnung lösen · symbolisch (mental)]</i><br>• <b>UE 5:</b> Zusammengesetzte Körper — Treppen + L-Formen <i>[Volumenberechnung lösen (zusammengesetzte Körper) · ikonisch → symbolisch]</i><br>• <b>UE 6:</b> Sachaufgaben — Schwimmbecken, Tankvolumen <i>[Sachaufgaben lösen / berufsbez. Praxis · symbolisch-anwendend]</i><br>• <b>UE 7:</b> Übung Sachaufgaben + Berufsbezug (kompakt) <i>[Sachaufgaben lösen / berufsbez. · symbolisch-anwendend]</i><br>• <b>UE 8:</b> Umkehraufgaben — Höhe gesucht bei V + G <i>[Volumenberechnung lösen · symbolisch]</i><br>• <b>UE 9:</b> LNW-Vorbereitung <i>[alle KE · symbolisch]</i><br>• <b>UE 10:</b> Leistungsnachweis <i>[alle KE · symbolisch]</i><br><br><b>Prinzipien:</b><br>• <b>Operatives Prinzip — Komposition + Reversibilität:</b> Volumen als geschichtete Grundfläche (Komposition, UE 2); Umkehrung V → h oder V → G (UE 8). Spiralige Konstante über Klasse 6, 7, 9. <i>(B1 §4.2 + Wittmann/Müller)</i><br>• <b>EIS-Prinzip:</b> Schichten von Modellkörpern (enaktiv UE 2) → Schrägbild (ikonisch) → V = G·h (symbolisch UE 3). <i>(GB §3.4)</i><br>• <b>Spiralprinzip:</b> M6-Würfel/Quader → M7-Prismen → M9-Vielecks-Prismen + Pyramide/Kegel. Brücken-Sequenz mit hoher spiraliger Substanz. <i>(Fachprofil M §2.3 + Track 3 Geometrie-Spirale)</i><br>• <b>Modellieren / Berufsorientierung:</b> UE 6 + 7 mit authentischen Sachkontexten (Schwimmbecken, Tank, Beruf) — ÜBZ-Anbindung. <i>(Fachprofil M §2.2 + §5)</i><br><br><b>Antwortgerüst-Anschluss:</b> Operatives-Prinzip, Spiralprinzip, Modellieren, EIS-Prinzip	LehrplanPLUS MS Bayern · M7R · LB5 Rauminhalt | Realisierung: B5 §4 + B1 §6 (Geometrie-Strukturmodell)	MP_N18_Mathe_KE kern M7R LB5 Anker Stufe3
Was sagt der LP+ in <b>M7R-LB6-Statistik</b> (Statistische Kennwerte + kritische Datendarstellung)?	Fundort: LehrplanPLUS MS Bayern · M7R · LB6 Statistik<br><br>„entwerfen und vergleichen unterschiedliche Daten-Darstellungen (Text, Tabelle, Diagramm), begründen deren situations- und adressatenbezogene Eignung und erkennen manipulative Darstellungen.“ <i>(Operator: entwerfen / vergleichen / begründen / erkennen, AFB II-III)</i><br><br>„beurteilen die Qualität von Datenerhebungen und -darstellungen hinsichtlich ihrer Aussagekraft.“ <i>(Operator: beurteilen, AFB III)</i><br><br>„nutzen statistische Kennwerte (Spannweite, Zentralwert) zusätzlich zum arithmetischen Mittel zur exakteren Dateninterpretation und begründen deren Notwendigkeit im Sachzusammenhang.“ <i>(Operator: nutzen / begründen, AFB II-III)</i><br><br><b>Prozessbez. Komp.:</b> argumentieren · Darstellungen verwenden · kommunizieren · modellieren · mit symbolischen, formalen und technischen Elementen umgehen<br><b>Gegenstandsbereiche:</b> Daten und Zufall · Zahlen und Operationen	LehrplanPLUS MS Bayern · M7R · LB6 Statistik | Realisierung: B7 §2 + Fachprofil M §5 (Politische Bildung + Medienbildung)	MP_N18_Mathe_KE kern M7R LB6 Anker Stufe1
Wie realisierst du <b>M7R-LB6-Statistik</b> (Statistische Kennwerte + kritische Datendarstellung)? Spiralanker?	"[idealtypisch] Sequenz „Daten kritisch sehen — Kennwerte richtig wählen""<br><br><b>Verlauf:</b> Sequenz mit doppelter Achse: (a) erweiterte Kennwerte-Toolbox (Spannweite + Zentralwert zusätzlich zum arithmetischen Mittel aus M6); (b) kritische Datenkompetenz (Manipulationen erkennen, Qualität bewerten). Querbezug zu LB1-KE6 (Diagramme aus M7-Prozent). Klafki-Mündigkeit über Datenkritik (UE 5-6) als politische Bildungs-Anker.<br><br><b>↑ Vorwissen:</b> M6-LB6-Arithmetisches-Mittel (★ Durchschnitt + Datendarstellungs-Vorform); M7R-LB1-Prozent (Diagramm-Typen + kritische Bewertung (Querbezug LB1-KE6))<br><b>↓ Anschluss:</b> M9R-LB6-Wahrscheinlichkeiten (Laplace + relative Häufigkeit); M8-LB6-Zufallsexperimente (Übergang zu Stochastik)"	LehrplanPLUS MS Bayern · M7R · LB6 Statistik | Realisierung: B7 §2 + Fachprofil M §5 (Politische Bildung + Medienbildung)	MP_N18_Mathe_KE kern M7R LB6 Anker Stufe2
Welche Sequenz-Skizze + welche Prinzipien trägt <b>M7R-LB6-Statistik</b> (Statistische Kennwerte + kritische Datendarstellung)?	"<b>Sequenz:</b> Vollabdeckung LB6 Statistik — 10 UE M7R<br><i>Spiralreaktivierung M6-arithmetisches Mittel + Erweiterung auf 3 Kennwerte (Mittel/Zentralwert/Spannweite). Kritische Datenkompetenz als prozessbezogene Schlüssel-Kompetenz: Manipulationen identifizieren (gestauchte y-Achse, fehlender Nullpunkt, irreführende Skalen, Daten-Auswahl-Politik). Klafki...</i><br><br><b>UE-Skizze:</b><br>• <b>UE 1:</b> Spiralreaktivierung arithmetisches Mittel + erste Datendarstellung <i>[(Vorwissen) · enaktiv → ikonisch]</i><br>• <b>UE 2:</b> Mittelwert reicht nicht — Bedarf für Spannweite + Zentralwert <i>[Kennwerte nutzen / begründen Notwendigkeit · ikonisch]</i><br>• <b>UE 3:</b> Zentralwert (Median) + Spannweite definieren <i>[Kennwerte nutzen · ikonisch → symbolisch]</i><br>• <b>UE 3+R:</b> Spaced-Retrieval (5 min) <i>[Kennwerte nutzen · symbolisch (mental)]</i><br>• <b>UE 4:</b> Vier Diagrammtypen — Darstellungswahl begründen <i>[Daten-Darstellungen entwerfen + vergleichen / Eignung begründen · ikonisch]</i><br>• <b>UE 5:</b> Manipulative Darstellungen erkennen — Detektiv-Arbeit <i>[manipulative Darstellungen erkennen · ikonisch-reflexiv]</i><br>• <b>UE 6:</b> Datenqualität beurteilen — Stichproben + Erhebungsmethoden <i>[Datenqualität beurteilen · symbolisch-reflexiv]</i><br>• <b>UE 7:</b> Übung Kennwerte + Darstellungen (kompakt) <i>[Kennwerte nutzen + Darstellungen entwerfen + bewerten · ikonisch + symbolisch]</i><br>• <b>UE 8:</b> Projekt — eigene Datenerhebung + Auswertung <i>[alle KE · enaktiv → ikonisch + symbolisch]</i><br>• <b>UE 9:</b> Präsentationen + Peer-Feedback <i>[Daten-Darstellungen entwerfen + Eignung begründen · kommunikativ]</i><br>• <b>UE 10:</b> Leistungsnachweis (Probearbeit) <i>[alle KE · symbolisch]</i><br><br><b>Prinzipien:</b><br>• <b>Argumentieren + Datenkritik (prozessbez. Komp.):</b> KE-Wortlaut verlangt explizit „begründen"", „beurteilen"", „erkennen manipulative Darstellungen"" — AFB-III-Niveau pflicht. UE 5-6 als Kern. <i>(Fachprofil M §2.2)</i><br>• <b>Veränderte Leistungsmessung:</b> Projekt-UE 8-9 mit Peer-Feedback als alternatives Leistungsformat; Selbstregulation in Gruppen-Datenerhebung. <i>(Weigand §6 + LP+ §1.5)</i><br>• <b>Medienbildung + Politische Bildung (ÜBZ):</b> LB6 ist DER mathe-spezifische Anker für Medien- und Politische Bildung — kritische Diagramme + Datenethik als Bürgerkompetenzen. <i>(Fachprofil M §5 + ÜBZ)</i><br>• <b>Spiralprinzip:</b> Anschluss M6-arithmetisches Mittel + M7-LB1-Diagramme; Vorbereitung M8/M9-Laplace + relative Häufigkeit (Track 4 Daten/Zufall). <i>(_Spiralprinzip_LP_Mathe.md Track 4)</i><br>• <b>Modellieren:</b> Projekt UE 8 als authentische Modellierungsaufgabe (eigene Datenerhebung von Lebenswelt-Thema, Validierung über Peer-Feedback). <i>(Fachprofil M §2.2)</i><br><br><b>Antwortgerüst-Anschluss:</b> Kompetenzstrukturmodell, Modellieren, Leistungsmessung, Aktualitaet-Lebensweltbezug, Differenzierung"	LehrplanPLUS MS Bayern · M7R · LB6 Statistik | Realisierung: B7 §2 + Fachprofil M §5 (Politische Bildung + Medienbildung)	MP_N18_Mathe_KE kern M7R LB6 Anker Stufe3
Was sagt der LP+ in <b>M7R-LB7-Algebra</b> (Terme + Variablen + lineare Gleichungen ax+b=c)?	Fundort: LehrplanPLUS MS Bayern · M7R · LB7 Gleichungen<br><br>„erstellen zu Sachsituationen Terme (auch mit Variablen) aus ganzen Zahlen, vereinfachen diese mit Rechengesetzen und formulieren zu gegebenen Termen Sachzusammenhänge.“ <i>(Operator: erstellen / vereinfachen / formulieren, AFB II-III)</i><br><br>„berechnen den Wert von Termen mit einer Variablen durch Einsetzen und beschreiben die Abhängigkeit des Termwerts vom Variablenwert.“ <i>(Operator: berechnen / beschreiben, AFB II)</i><br><br>„stellen Sachsituationen aus ihrer Lebenswelt mit Gleichungen dar, lösen diese (z. B. durch systematisches Probieren) und formulieren zu Gleichungen Sachsituationen.“ <i>(Operator: darstellen / lösen / formulieren, AFB II-III)</i><br><br>„erläutern den Gleichungsbegriff und Äquivalenzumformungen anschaulich mithilfe geeigneter Modelle.“ <i>(Operator: erläutern, AFB II-III)</i><br><br>„lösen Gleichungen der Form ax + b = c durch Äquivalenzumformungen, überprüfen die Lösung mittels Probe und erkennen/verbessern Fehler in Umformungen.“ <i>(Operator: lösen / überprüfen / erkennen / verbessern, AFB II-III)</i><br><br><b>Prozessbez. Komp.:</b> modellieren · Probleme lösen · argumentieren · mit symbolischen, formalen und technischen Elementen umgehen · kommunizieren<br><b>Gegenstandsbereiche:</b> Funktionaler Zusammenhang · Zahlen und Operationen	LehrplanPLUS MS Bayern · M7R · LB7 Gleichungen | Realisierung: B6 §2 (Beispiel-Sequenzen Funktionaler Zusammenhang) + B1 §4.2	MP_N18_Mathe_KE kern M7R LB7 Anker Stufe1
Wie realisierst du <b>M7R-LB7-Algebra</b> (Terme + Variablen + lineare Gleichungen ax+b=c)? Spiralanker?	"[idealtypisch] Sequenz „Vom Sachsituation zur Gleichung — Variable als Schlüsselbegriff""<br><br><b>Verlauf:</b> Sequenz mit zentralem operativen Modell Balkenwaage (B6 §2). Variable als Übergang vom Platzhalter (M5/M6) zum allgemeinen Symbol (M7). EIS: enaktiv (Waage mit echten Gewichten) → ikonisch (Waage-Skizze) → symbolisch (Notation). Äquivalenzumformungen als operative Reversibilität. Spirale: M5/M6 Probieren-Variable → M7 Term/Gleichung → M9R komplexe Gleichungen + Formeln umstellen.<br><br><b>↑ Vorwissen:</b> M6-LB7-Volumen-Probieren (Variable als Platzhalter beim systematischen Probieren (LB7 M6 wörtlich)); M5-LB7-Variable-Erfahrung (Variable durch Umkehraufgaben + systematisches Probieren als Erstkontakt); M7R-LB2-Rationale-Zahlen (Rechenregeln in ℚ — Voraussetzung für Term-Vereinfachung)<br><b>↓ Anschluss:</b> M9R-LB7-Komplexe-Gleichungen (★ Klammer-/Bruch-/Mehrfach-Variablen-Gleichungen + Formelumstellung); M7R-LB8-Proportionalitaet (Wertepaare ergänzen + lineare/proportionale Funktionen)"	LehrplanPLUS MS Bayern · M7R · LB7 Gleichungen | Realisierung: B6 §2 (Beispiel-Sequenzen Funktionaler Zusammenhang) + B1 §4.2	MP_N18_Mathe_KE kern M7R LB7 Anker Stufe2
Welche Sequenz-Skizze + welche Prinzipien trägt <b>M7R-LB7-Algebra</b> (Terme + Variablen + lineare Gleichungen ax+b=c)?	"<b>Sequenz:</b> Vollabdeckung LB7 Algebra — 20 UE M7R<br><i>Variable als Schlüsselbegriff der Algebra. Spirale: vom Platzhalter (M5/M6 Probieren) → Term mit Variable (M7 KE2) → Gleichung (M7 KE3-5) → Äquivalenzumformung als operative Reversibilität (M7 KE5). Balkenwaage-Modell (B6 §2) als operativer Anker. EIS-Progression: enaktiv (echte Waage) → ikonisch...</i><br><br><b>UE-Skizze:</b><br>• <b>UE 1:</b> Spiralreaktivierung — Variable als Platzhalter (M5/M6-Vorform) <i>[(Vorwissen) · ikonisch]</i><br>• <b>UE 2:</b> Term mit Variable — Sachsituation übersetzen <i>[Terme zu Sachsituationen erstellen · ikonisch → symbolisch]</i><br>• <b>UE 3:</b> Termwert berechnen — Variable einsetzen <i>[Termwert berechnen / Abhängigkeit beschreiben · symbolisch]</i><br>• <b>UE 4:</b> Übung Terme erstellen + Werte berechnen (kompakt) <i>[Terme erstellen + Termwert berechnen · symbolisch]</i><br>• <b>UE 5:</b> Rechengesetze in Termen — Vereinfachen <i>[Terme vereinfachen mit Rechengesetzen · symbolisch]</i><br>• <b>UE 5+R:</b> Spaced-Retrieval (5 min) <i>[Terme erstellen + vereinfachen · symbolisch (mental)]</i><br>• <b>UE 6:</b> Übung Terme vereinfachen (kompakt) <i>[Terme vereinfachen · symbolisch]</i><br>• <b>UE 7:</b> Zu gegebenen Termen Sachsituationen erfinden <i>[zu Termen Sachzusammenhänge formulieren · symbolisch-reflexiv]</i><br>• <b>UE 8:</b> Balkenwaage — Gleichungsbegriff einführen <i>[Gleichungsbegriff erläutern · enaktiv]</i><br>• <b>UE 9:</b> Sachsituation als Gleichung darstellen + Probieren <i>[Sachsituationen mit Gleichungen darstellen / lösen durch Probieren · symbolisch]</i><br>• <b>UE 9+R:</b> Spaced-Retrieval (5 min) <i>[Sachsituationen mit Gleichungen darstellen + Termwert berechnen · symbolisch (mental)]</i><br>• <b>UE 10:</b> Äquivalenzumformung Waage-Modell — gleiches auf beiden Seiten <i>[Äquivalenzumformungen erläutern · enaktiv → symbolisch]</i><br>• <b>UE 11:</b> ax+b=c — erste systematische Lösung <i>[Gleichungen ax+b=c lösen · symbolisch]</i><br>• <b>UE 12:</b> Probe durchführen + überprüfen <i>[Lösung mittels Probe überprüfen · symbolisch-reflexiv]</i><br>• <b>UE 13:</b> Übung ax+b=c (kompakt) <i>[Gleichungen lösen + Probe · symbolisch]</i><br>• <b>UE 14:</b> Fehler in Umformungen erkennen + verbessern <i>[erkennen/verbessern Fehler in Umformungen · symbolisch-reflexiv]</i><br>• <b>UE 14+R:</b> Spaced-Retrieval (5 min) <i>[Gleichungen lösen + Probe + Fehler erkennen · symbolisch (mental)]</i><br>• <b>UE 15:</b> Sachaufgaben modellieren — Gleichung lösen + interpretieren <i>[Sachsituationen darstellen + lösen / zu Gleichungen Sachsituationen formulieren · symbolisch-anwendend]</i><br>• <b>UE 16:</b> Übung Sachaufgaben (kompakt) <i>[Sachsituationen darstellen + lösen · symbolisch-anwendend]</i><br>• <b>UE 17:</b> Vermischte Übung — alle KE <i>[alle KE · symbolisch]</i><br>• <b>UE 18:</b> LNW-Vorbereitung <i>[alle KE · symbolisch]</i><br>• <b>UE 19:</b> Leistungsnachweis <i>[alle KE · symbolisch]</i><br>• <b>UE 20:</b> Fehleranalyse post-Probe <i>[Fehler erkennen / verbessern · metakognitiv]</i><br><br><b>Prinzipien:</b><br>• <b>EIS-Prinzip (Balkenwaage):</b> Balkenwaage als enaktives Modell (UE 8 + 10) → Skizze ikonisch → Gleichungsnotation symbolisch. B6 §2 zentral. <i>(B6 §2 + GB §3.4)</i><br>• <b>Operatives Prinzip — Reversibilität + Variabilität:</b> Äquivalenzumformungen sind reversible Operationen (UE 10-11). Variabilität in Termwert-Tabelle (UE 3). <i>(B1 §4.2 + Wittmann)</i><br>• <b>Modellieren:</b> UE 2 + 9 + 15: Sachsituation → Term/Gleichung → Lösung → Interpretation. Modellierungskreislauf in UE 15 explizit (Blum/Leiß). <i>(Fachprofil M §2.2 + B2)</i><br>• <b>Fehlerkultur (Veränderte Leistungsmessung):</b> KE5 wörtlich „erkennen/verbessern Fehler"" — UE 12 + 14 + 20 als Pflicht-Bestandteile. Fehler als didaktische Ressource (Spychiger). <i>(Weigand §6 + LP+ §2.2)</i><br>• <b>Spiralprinzip:</b> Variable als spirale Konstante M5 → M6 → M7 → M9 (Track 5 Funktionen). LP+-Wortlaut M9R-LB7 baut explizit auf. <i>(Fachprofil M §2.3 + Track 5)</i><br><br><b>Antwortgerüst-Anschluss:</b> Operatives-Prinzip, EIS-Prinzip, Modellieren, Leistungsmessung, Spiralprinzip"	LehrplanPLUS MS Bayern · M7R · LB7 Gleichungen | Realisierung: B6 §2 (Beispiel-Sequenzen Funktionaler Zusammenhang) + B1 §4.2	MP_N18_Mathe_KE kern M7R LB7 Anker Stufe3
Was sagt der LP+ in <b>M7R-LB8-Proportionalitaet</b> (Proportionalität + Dreisatz + lineare vs. nicht-lineare Funktionen)?	Fundort: LehrplanPLUS MS Bayern · M7R · LB8 Proportionalität / Funktionen<br><br>„erkennen und beschreiben Alltagszuordnungen, stellen diese mit Je-desto-Sätzen sowie in Tabellen, Diagrammen und Graphen dar.“ <i>(Operator: erkennen / beschreiben / darstellen, AFB II)</i><br><br>„nutzen verschiedene Darstellungsformen von Funktionen, um lineare und nicht lineare Zusammenhänge eindeutig und begründet zu unterscheiden.“ <i>(Operator: nutzen / unterscheiden / begründen, AFB II-III)</i><br><br>„ergänzen bei proportionalen Zuordnungen Wertepaare in Tabellen (z. B. mit dem Dreisatz) und vergleichen rechnerische mit zeichnerischen Lösungen zur Ergebniskontrolle.“ <i>(Operator: ergänzen / vergleichen, AFB II)</i><br><br>„erkennen in Sachzusammenhängen Eigenschaften proportionaler Zuordnungen, ermitteln Wertepaare rechnerisch und prüfen/interpretieren Ergebnisse innerhalb der Situation.“ <i>(Operator: erkennen / ermitteln / prüfen / interpretieren, AFB II-III)</i><br><br><b>Prozessbez. Komp.:</b> modellieren · Darstellungen verwenden · argumentieren · mit symbolischen, formalen und technischen Elementen umgehen<br><b>Gegenstandsbereiche:</b> Funktionaler Zusammenhang · Zahlen und Operationen	LehrplanPLUS MS Bayern · M7R · LB8 Proportionalität / Funktionen | Realisierung: B6 §3 (Beispiel-Sequenz) + LP+-Webfetch	MP_N18_Mathe_KE kern M7R LB8 Anker Stufe1
Wie realisierst du <b>M7R-LB8-Proportionalitaet</b> (Proportionalität + Dreisatz + lineare vs. nicht-lineare Funktionen)? Spiralanker?	"[idealtypisch] Sequenz „Vom Je-desto zur Funktion — Zuordnungen erkennen + darstellen""<br><br><b>Verlauf:</b> Sequenz mit zentraler Achse Zuordnungs-Erkennung in 4 Darstellungsformen (Je-desto, Tabelle, Graph, Term). Lineare vs. nicht-lineare Diskrimination als AFB-III-Anker. Dreisatz als operatives Verfahren (Spiralanker LB1-Prozent). Authentische Sachkontexte (Menge↔Preis, Zeit↔Strecke, Verbrauch↔Kosten) → Beziehungshaltigkeit.<br><br><b>↑ Vorwissen:</b> M7R-LB1-Prozent (★ Dreisatz aus Prozent — Pauls Praxis-Anker); M6-LB1-2-Bruchrechnung (Brüche + Dezimal als Wertepaar-Notation); M5-LB5-Groessen-Alltag (Größenrechnen + alltägliche Zuordnungen)<br><b>↓ Anschluss:</b> M9R-LB8-Funktionstypen (★ Funktionstypen-Diskrimination (linear/proportional/umgekehrt proportional)); M9R-LB1-Zinsrechnung (Linearer Zusammenhang Zeit-Zinsen baut auf LB8)"	LehrplanPLUS MS Bayern · M7R · LB8 Proportionalität / Funktionen | Realisierung: B6 §3 (Beispiel-Sequenz) + LP+-Webfetch	MP_N18_Mathe_KE kern M7R LB8 Anker Stufe2
Welche Sequenz-Skizze + welche Prinzipien trägt <b>M7R-LB8-Proportionalitaet</b> (Proportionalität + Dreisatz + lineare vs. nicht-lineare Funktionen)?	"<b>Sequenz:</b> Vollabdeckung LB8 Proportionalität — 16 UE M7R<br><i>Spiralanker LB1 (Dreisatz Prozent) explizit reaktivieren. Vier Darstellungsformen als Pflicht-Repertoire: Je-desto-Sätze (sprachlich) / Tabelle / Diagramm-Graph / Term. Lineare vs. nicht-lineare Diskrimination als KE-Kern-Anforderung (AFB III). EIS: enaktiv (Sachkontext mit Material) → ikonisch (...</i><br><br><b>UE-Skizze:</b><br>• <b>UE 1:</b> Alltagszuordnungen erkennen — Sammelaktion <i>[Alltagszuordnungen erkennen + beschreiben · enaktiv → ikonisch]</i><br>• <b>UE 2:</b> Je-desto-Sätze formulieren <i>[Zuordnungen mit Je-desto-Sätzen darstellen · symbolisch (sprachlich)]</i><br>• <b>UE 3:</b> Tabelle als Darstellungsform — Wertepaare <i>[Zuordnungen in Tabellen darstellen · ikonisch]</i><br>• <b>UE 4:</b> Graph als Darstellungsform — Punkte einzeichnen <i>[Zuordnungen in Diagrammen/Graphen darstellen · ikonisch]</i><br>• <b>UE 5:</b> Übung 4 Darstellungen (kompakt) <i>[Zuordnungen in 4 Darstellungsformen · ikonisch]</i><br>• <b>UE 5+R:</b> Spaced-Retrieval (5 min) <i>[Zuordnungen darstellen · ikonisch (mental)]</i><br>• <b>UE 6:</b> Proportionale Zuordnungen erkennen — Quotientengleichheit <i>[Eigenschaften proportionaler Zuordnungen erkennen · ikonisch → symbolisch]</i><br>• <b>UE 7:</b> Dreisatz als operatives Verfahren — Spiralanker LB1 <i>[Wertepaare ergänzen mit Dreisatz · symbolisch]</i><br>• <b>UE 8:</b> Sachaufgaben proportional — Verbraucherbildung <i>[Eigenschaften proportionaler Zuordnungen erkennen / ermitteln / interpretieren · symbolisch-anwendend]</i><br>• <b>UE 9:</b> Übung Dreisatz + Sachaufgaben (kompakt) <i>[Wertepaare ergänzen + ermitteln + interpretieren · symbolisch-anwendend]</i><br>• <b>UE 9+R:</b> Spaced-Retrieval (5 min) <i>[Wertepaare ergänzen mit Dreisatz · symbolisch (mental)]</i><br>• <b>UE 10:</b> Nicht-proportionale Zuordnungen erkennen — Gegen-Beispiele <i>[lineare/nicht-lineare Zusammenhänge unterscheiden · ikonisch]</i><br>• <b>UE 11:</b> Lineare vs. nicht-lineare unterscheiden + begründen <i>[lineare/nicht-lineare unterscheiden + begründen · symbolisch-reflexiv]</i><br>• <b>UE 12:</b> Übung Diskrimination (kompakt) <i>[lineare/nicht-lineare unterscheiden · symbolisch-reflexiv]</i><br>• <b>UE 13:</b> Rechnerische vs. zeichnerische Lösung — Ergebniskontrolle <i>[rechnerische mit zeichnerischen Lösungen vergleichen · symbolisch + ikonisch]</i><br>• <b>UE 14:</b> Vermischte Übung + Berufsbezug <i>[alle KE + berufsbez. · symbolisch-anwendend]</i><br>• <b>UE 15:</b> LNW-Vorbereitung <i>[alle KE · symbolisch]</i><br>• <b>UE 16:</b> Leistungsnachweis <i>[alle KE · symbolisch]</i><br><br><b>Prinzipien:</b><br>• <b>Darstellungen verwenden (prozessbez. Komp.):</b> KE 1+2 verlangen 4 Darstellungsformen (Je-desto / Tabelle / Diagramm / Graph) — UE 2-5 systematisch durchgegangen. Flexibler Wechsel als Pflicht-Kompetenz. <i>(Fachprofil M §2.2 + LP+-KE wörtlich)</i><br>• <b>Operatives Prinzip — Dreisatz als spirale Konstante:</b> Dreisatz aus LB1 (Prozent) wird auf allgemeine proportionale Zuordnungen erweitert (UE 7). Transitivität sichtbar. <i>(B6 §2 + Spiralprinzip Track 5)</i><br>• <b>Modellieren / Beziehungshaltigkeit:</b> UE 8 + 14 + 13 mit authentischen Sachkontexten (Verbraucherbildung, Beruf). Validierungs-Phase pflicht. <i>(Fachprofil M §2.2 + §5)</i><br>• <b>Argumentieren AFB III — Diskrimination:</b> KE 2 verlangt „begründete Unterscheidung"" linearer/nicht-linearer Zusammenhänge — UE 10-12 als AFB-III-Kern. <i>(Fachprofil M §2.2)</i><br>• <b>Veränderte Leistungsmessung:</b> UE 13 (rechnerisch vs. zeichnerisch als Selbstkontrolle) realisiert Hatties Prozess-Feedback; UE 15 Selbst-Diagnose-Karte als formatives Element. <i>(Weigand §6)</i><br><br><b>Antwortgerüst-Anschluss:</b> Modellieren, Spiralprinzip, Operatives-Prinzip, Leistungsmessung, Differenzierung"	LehrplanPLUS MS Bayern · M7R · LB8 Proportionalität / Funktionen | Realisierung: B6 §3 (Beispiel-Sequenz) + LP+-Webfetch	MP_N18_Mathe_KE kern M7R LB8 Anker Stufe3
Was sagt der LP+ in <b>M5-LB1-Grundrechenarten</b> (Grundrechenarten ℕ — schriftliche + halbschriftliche Verfahren)?	Fundort: LehrplanPLUS MS Bayern · M5R · LB1.2 Grundrechenarten natürlicher Zahlen<br><br>„überschlagen und berechnen Summen, Differenzen, Produkte und Quotienten von natürlichen Zahlen im Kopf.“ <i>(Operator: überschlagen / berechnen, AFB I-II)</i><br><br>„führen Grundrechenarten für natürliche Zahlen automatisiert mit den in der Grundschule erlernten halbschriftlichen und schriftlichen Rechenverfahren aus. Dabei verwenden sie Fachbegriffe.“ <i>(Operator: automatisiert ausführen, AFB I)</i><br><br>„überprüfen die Richtigkeit eigener Lösungen durch Überschlagsrechnungen und durch das Anwenden von einfachen Umkehraufgaben. Sie finden Fehler, erklären und korrigieren diese.“ <i>(Operator: überprüfen / finden / erklären / korrigieren, AFB II)</i><br><br>„wenden Rechengesetze (Punkt-vor-Strich-Rechnung, Assoziativ- und Kommutativgesetz, Rechnen mit Klammern) bei den Grundoperationen an und nutzen Rechenvorteile.“ <i>(Operator: anwenden / nutzen, AFB II)</i><br><br>„strukturieren vertraute Sachsituationen, übersetzen diese in mathematische Modelle und lösen diese nachvollziehbar.“ <i>(Operator: strukturieren / übersetzen / lösen, AFB II)</i><br><br><b>Prozessbez. Komp.:</b> mit symbolischen, formalen und technischen Elementen umgehen · modellieren · argumentieren · Probleme lösen<br><b>Gegenstandsbereiche:</b> Zahlen und Operationen	LehrplanPLUS MS Bayern · M5R · LB1.2 Grundrechenarten natürlicher Zahlen | Realisierung: B3 §2 (Beispiel-Sequenz) + GB §1.6	MP_N18_Mathe_KE vorwissen M5R LB1.2 Anker Stufe1
Wie realisierst du <b>M5-LB1-Grundrechenarten</b> (Grundrechenarten ℕ — schriftliche + halbschriftliche Verfahren)? Spiralanker?	"[idealtypisch] Sequenz „Sicheres Rechnen im Zahlbereich ℕ""<br><br><b>Verlauf:</b> Automatisierungs-Sequenz mit hoher Übungsdichte. Spiralanker an Grundschulwissen (GB §1.6). Punkt-vor-Strich + Klammern als operative Strukturierung. Sachsituations-Modellierung als Vorform der LB7-Variable-Erfahrung. Fehlerkultur als Querschnitt (KE3 wörtlich „finden Fehler, erklären und korrigieren"").<br><br><b>↑ Vorwissen:</b> GS-Mathe-Anschluss (GB §1.6 — Grundschulvorwissen: Kopfrechnen + schriftliche Verfahren bis Million)<br><b>↓ Anschluss:</b> M6-LB1-2-Bruchrechnung (Grundrechenarten erweitern auf positive Bruchzahlen + Dezimalbrüche); M7R-LB2-Rationale-Zahlen (Erweiterung auf ℚ + Vorzeichenregeln); M5-LB2-Ganze-Zahlen (Direkt in M5 nachgelagert — Erweiterung auf ℤ)"	LehrplanPLUS MS Bayern · M5R · LB1.2 Grundrechenarten natürlicher Zahlen | Realisierung: B3 §2 (Beispiel-Sequenz) + GB §1.6	MP_N18_Mathe_KE vorwissen M5R LB1.2 Anker Stufe2
Welche Sequenz-Skizze + welche Prinzipien trägt <b>M5-LB1-Grundrechenarten</b> (Grundrechenarten ℕ — schriftliche + halbschriftliche Verfahren)?	"<b>Sequenz:</b> Vollabdeckung LB1.2 Grundrechenarten ℕ — 14 UE M5R<br><i>Automatisierung der 4 Grundrechenarten in ℕ als Vorbereitung der Spirale ℕ → ℚ → ℝ. Eingangs-Diagnose der Grundschul-Verfahren (Spiralanker GB §1.6). Punkt-vor-Strich + Klammern als operative Strukturierung. Fehlerkultur (KE3) eingebaut: SuS finden + erklären + korrigieren eigene Fehler. Modellie...</i><br><br><b>UE-Skizze:</b><br>• <b>UE 1:</b> Eingangs-Diagnose Grundschulwissen <i>[(Vorwissen) · symbolisch]</i><br>• <b>UE 2:</b> Kopfrechnen automatisieren — 4 Operationen <i>[überschlagen / berechnen im Kopf · symbolisch (mental)]</i><br>• <b>UE 3:</b> Schriftliche Addition + Subtraktion ℕ <i>[Grundrechenarten automatisiert ausführen · symbolisch]</i><br>• <b>UE 4:</b> Schriftliche Multiplikation + Division ℕ <i>[Grundrechenarten automatisiert ausführen · symbolisch]</i><br>• <b>UE 4+R:</b> Spaced-Retrieval (5 min) <i>[Grundrechenarten automatisiert ausführen · symbolisch (mental)]</i><br>• <b>UE 5:</b> Übung Grundrechenarten (kompakt) <i>[Grundrechenarten automatisiert ausführen · symbolisch]</i><br>• <b>UE 6:</b> Überschlagsrechnung + Selbstkontrolle <i>[überprüfen Richtigkeit durch Überschlag · symbolisch]</i><br>• <b>UE 7:</b> Umkehraufgaben — Reversibilität <i>[überprüfen durch Umkehraufgaben · symbolisch]</i><br>• <b>UE 8:</b> Fehler finden + erklären + korrigieren <i>[Fehler finden / erklären / korrigieren · symbolisch-reflexiv]</i><br>• <b>UE 9:</b> Punkt-vor-Strich + Klammern <i>[Rechengesetze anwenden / Klammern · symbolisch]</i><br>• <b>UE 9+R:</b> Spaced-Retrieval (5 min) <i>[Rechengesetze anwenden · symbolisch (mental)]</i><br>• <b>UE 10:</b> Rechenvorteile — Assoziativ + Kommutativ + Distributiv <i>[Rechenvorteile nutzen · symbolisch (mental)]</i><br>• <b>UE 11:</b> Sachsituationen modellieren — Wortaufgaben <i>[Sachsituationen strukturieren + übersetzen + lösen · symbolisch-anwendend]</i><br>• <b>UE 12:</b> Übung Sachaufgaben (kompakt) <i>[Sachsituationen lösen · symbolisch-anwendend]</i><br>• <b>UE 13:</b> LNW-Vorbereitung <i>[alle KE · symbolisch]</i><br>• <b>UE 14:</b> Leistungsnachweis <i>[alle KE · symbolisch]</i><br><br><b>Prinzipien:</b><br>• <b>Automatisierung + Produktives Üben:</b> KE2 wörtlich „automatisiert"". UE 5 + 12 als Übungs-Kompakt-UEs mit Mager-Spec. Produktives Üben (Wittmann) gegen Aufgabenplantagen. <i>(B1 §3 + Weigand §5)</i><br>• <b>Spiralprinzip:</b> Anschluss GS (GB §1.6) + Vorbereitung M5-LB2 (ganze Zahlen) + M6-Bruchrechnung + M7-rationale Zahlen. Basis der Spirale Track 1. <i>(GB §1.6 + Track 1)</i><br>• <b>Fehlerkultur / Veränderte Leistungsmessung:</b> UE 6 (Überschlag-Selbstkontrolle) + UE 7 (Reversibilität als Probe) + UE 8 (Fehler-Detektiv) realisieren KE3 wörtlich. <i>(Weigand §6 + LP+ §2.2)</i><br>• <b>Operatives Prinzip:</b> Reversibilität (UE 7), Assoziativität/Kommutativität (UE 10), Komposition (Klammern UE 9). Vier der 5 Operationsmerkmale. <i>(B1 §4.2)</i><br>• <b>Modellieren (Vorform):</b> UE 11 als erste Sachsituations-Modellierung — Vorbereitung der späteren LB7-Variable-Erfahrung. <i>(Fachprofil M §2.2)</i><br><br><b>Antwortgerüst-Anschluss:</b> Operatives-Prinzip, Produktives-Ueben, Spiralprinzip, Leistungsmessung"	LehrplanPLUS MS Bayern · M5R · LB1.2 Grundrechenarten natürlicher Zahlen | Realisierung: B3 §2 (Beispiel-Sequenz) + GB §1.6	MP_N18_Mathe_KE vorwissen M5R LB1.2 Anker Stufe3
Was sagt der LP+ in <b>M5-LB2-Ganze-Zahlen</b> (Ganze Zahlen ℤ — Vorzeichen + Zustandsänderungen)?	Fundort: LehrplanPLUS MS Bayern · M5R · LB2 Ganze Zahlen<br><br>„beschreiben und interpretieren einfache, anschauliche Situationen und Modelle aus dem Alltag mit ganzen Zahlen (z. B. geographische Höhen, Analogthermometer).“ <i>(Operator: beschreiben / interpretieren, AFB II)</i><br><br>„lesen, ordnen und vergleichen ganze Zahlen am erweiterten Zahlenstrahl bzw. an der Zahlengeraden (positive und negative Zahlen).“ <i>(Operator: lesen / ordnen / vergleichen, AFB I-II)</i><br><br>„stellen Zustandsänderungen (z. B. durch Pfeildarstellung) im jeweiligen Modell dar (z. B. Thermometer, Zahlengerade).“ <i>(Operator: darstellen, AFB II)</i><br><br>„wenden ihr Verständnis für die Unterscheidung eines Zustands (erkenntlich am Vorzeichen) und der Zustandsänderung (erfolgt durch entsprechendes Rechenzeichen) an und begründen ihr Vorgehen.“ <i>(Operator: anwenden / begründen, AFB II-III)</i><br><br>„lösen Sachaufgaben zu Zustandsänderungen (a + b; a - b mit a ∈ ℤ, b ∈ ℕ) anschaulich (z. B. Zahlenstrahl, Analogthermometer).“ <i>(Operator: lösen, AFB II)</i><br><br><b>Prozessbez. Komp.:</b> modellieren · Darstellungen verwenden · argumentieren · mit symbolischen, formalen und technischen Elementen umgehen<br><b>Gegenstandsbereiche:</b> Zahlen und Operationen	LehrplanPLUS MS Bayern · M5R · LB2 Ganze Zahlen | Realisierung: B3 §2 + B1 §4.2.2 (Permanenzprinzip-Vorbereitung)	MP_N18_Mathe_KE vorwissen M5R LB2 Anker Stufe1
Wie realisierst du <b>M5-LB2-Ganze-Zahlen</b> (Ganze Zahlen ℤ — Vorzeichen + Zustandsänderungen)? Spiralanker?	"[idealtypisch] Sequenz „Negative Zahlen — Vorzeichen + Pfeildarstellung""<br><br><b>Verlauf:</b> Sequenz mit zentraler EIS-Sequenz: enaktive Thermometer- und Höhenmesser-Modelle → ikonische Pfeildarstellung an der Zahlengeraden → symbolische Notation. Unterscheidung Zustand (Vorzeichen) vs. Zustandsänderung (Rechenzeichen) als KE-Pflicht (KE4 wörtlich). Vorbereitung der späteren Erweiterung auf ℚ (M6/M7).<br><br><b>↑ Vorwissen:</b> M5-LB1-Grundrechenarten (ℕ als Basis-Zahlbereich + erste Rechengesetze)<br><b>↓ Anschluss:</b> M6-LB2-Rationale-Zahlen-Einfuehrung (★ Erweiterung ℤ → ℚ über Kontostände + Temperaturen); M7R-LB2-Rationale-Zahlen (Rechenregeln in ℚ + Vorzeichenregel Multiplikation)"	LehrplanPLUS MS Bayern · M5R · LB2 Ganze Zahlen | Realisierung: B3 §2 + B1 §4.2.2 (Permanenzprinzip-Vorbereitung)	MP_N18_Mathe_KE vorwissen M5R LB2 Anker Stufe2
Welche Sequenz-Skizze + welche Prinzipien trägt <b>M5-LB2-Ganze-Zahlen</b> (Ganze Zahlen ℤ — Vorzeichen + Zustandsänderungen)?	<b>Sequenz:</b> Vollabdeckung LB2 Ganze Zahlen — 10 UE M5R<br><i>Anschauliche Einführung ℤ über Thermometer + Höhenmesser + Kontostände. Pfeildarstellung als zentrales ikonisches Modell. Klare Trennung Zustand (Vorzeichen am Zahl-Symbol) vs. Zustandsänderung (Rechenzeichen). EIS strikt: enaktive Modelle → ikonische Pfeile → symbolische Notation. Spiralanker fü...</i><br><br><b>UE-Skizze:</b><br>• <b>UE 1:</b> Negative Zahlen im Alltag entdecken <i>[Sachsituationen mit ganzen Zahlen beschreiben/interpretieren · ikonisch]</i><br>• <b>UE 2:</b> Zahlengerade erweitern — negative + positive Zahlen <i>[ganze Zahlen lesen / ordnen / vergleichen · enaktiv → ikonisch]</i><br>• <b>UE 3:</b> Pfeildarstellung Zustandsänderung <i>[Zustandsänderungen mit Pfeilen darstellen · enaktiv → ikonisch]</i><br>• <b>UE 4:</b> Zustand vs. Zustandsänderung — Begriffsklärung <i>[Zustand (Vorzeichen) und Zustandsänderung (Rechenzeichen) unterscheiden + begründen · ikonisch → symbolisch]</i><br>• <b>UE 4+R:</b> Spaced-Retrieval (5 min) <i>[ganze Zahlen ordnen + Zustand/Zustandsänderung unterscheiden · symbolisch (mental)]</i><br>• <b>UE 5:</b> Sachaufgaben mit Thermometer + Höhenmesser <i>[Sachaufgaben zu Zustandsänderungen lösen · ikonisch → symbolisch]</i><br>• <b>UE 6:</b> Übung Pfeil + Zahlengerade (kompakt) <i>[Zustandsänderungen darstellen + Sachaufgaben lösen · ikonisch → symbolisch]</i><br>• <b>UE 7:</b> Sachaufgaben Bankkonten + Schulden <i>[Sachsituationen + Zustandsänderungen lösen · symbolisch-anwendend]</i><br>• <b>UE 8:</b> Vermischte Übung (kompakt) <i>[alle KE · symbolisch-anwendend]</i><br>• <b>UE 9:</b> LNW-Vorbereitung <i>[alle KE · symbolisch]</i><br>• <b>UE 10:</b> Leistungsnachweis <i>[alle KE · symbolisch]</i><br><br><b>Prinzipien:</b><br>• <b>EIS-Prinzip:</b> Thermometer/Höhenmesser (enaktiv UE 1+5) → Zahlengeraden-Pfeil (ikonisch UE 3) → Notation (symbolisch UE 4). Vollständige Sequenz. <i>(GB §3.4)</i><br>• <b>Operatives Prinzip:</b> Pfeil-Komposition (UE 3) als Vorbereitung Vorzeichenregel-Komposition (M7). <i>(B1 §4.2)</i><br>• <b>Spiralprinzip:</b> Anschluss M5-LB1 (ℕ) → Vorbereitung M6-LB2 (ℚ-Einführung) → M7-LB2 (Rechenregeln). Track 1. <i>(Spiralprinzip Track 1)</i><br>• <b>Sprachsensibler MU:</b> Zustand vs. Zustandsänderung als sprachliche Doppel-Begriffs-Bildung — Wortspeicher + DaZ-Stütze Pflicht. <i>(Hopf 2014 + LP+ §4)</i><br>• <b>Modellieren / Beziehungshaltigkeit:</b> Thermometer + Konto + Höhenmesser als authentische Modelle. ÖV-Bildung über Kontoauszüge. <i>(Fachprofil M §2.2 + §5)</i><br><br><b>Antwortgerüst-Anschluss:</b> EIS-Prinzip, Spiralprinzip, Operatives-Prinzip, Differenzierung	LehrplanPLUS MS Bayern · M5R · LB2 Ganze Zahlen | Realisierung: B3 §2 + B1 §4.2.2 (Permanenzprinzip-Vorbereitung)	MP_N18_Mathe_KE vorwissen M5R LB2 Anker Stufe3
Was sagt der LP+ in <b>M5-LB3-Geometrie-Grundlagen</b> (Linien + Winkel + Koordinatensystem (1. Quadrant))?	Fundort: LehrplanPLUS MS Bayern · M5R · LB3 Geometrische Figuren + Lagebeziehungen<br><br>„zeichnen Punkte und Figuren in Koordinatensysteme (1. Quadrant) ein und verwenden Fachbegriffe (Ursprung, Rechtswert, Hochwert).“ <i>(Operator: zeichnen / verwenden, AFB I-II)</i><br><br>„klassifizieren Linien (Strecke, Gerade) und erkennen zueinander senkrechte und parallele Linien; verwenden Fachbegriffe und -zeichen (Punkt, Gerade, Strecke, Senkrechte, Parallele, senkrecht, parallel, rechter Winkel, Abstand).“ <i>(Operator: klassifizieren / erkennen / verwenden, AFB I-II)</i><br><br>„identifizieren und beschreiben Winkel in ihrer Umwelt; verwenden Fachbegriffe (Scheitelpunkt, Schenkel).“ <i>(Operator: identifizieren / beschreiben, AFB I-II)</i><br><br>„messen und zeichnen Winkel (bis 180°) und klassifizieren diese in spitze, rechte, stumpfe und gestreckte Winkel.“ <i>(Operator: messen / zeichnen / klassifizieren, AFB I-II)</i><br><br>„messen die Umfänge von Dreiecken und Vierecken und berechnen die Umfänge.“ <i>(Operator: messen / berechnen, AFB II)</i><br><br><b>Prozessbez. Komp.:</b> Darstellungen verwenden · kommunizieren · mit symbolischen, formalen und technischen Elementen umgehen<br><b>Gegenstandsbereiche:</b> Raum und Form · Größen und Messen	LehrplanPLUS MS Bayern · M5R · LB3 Geometrische Figuren + Lagebeziehungen | Realisierung: B5 §4 + B1 §6 Geometrie-Strukturmodell	MP_N18_Mathe_KE vorwissen M5R LB3 Anker Stufe1
Wie realisierst du <b>M5-LB3-Geometrie-Grundlagen</b> (Linien + Winkel + Koordinatensystem (1. Quadrant))? Spiralanker?	"[idealtypisch] Sequenz „Geometrische Grundlagen — Linien + Winkel + Koordinaten""<br><br><b>Verlauf:</b> Sequenz mit hoher enaktiver Anteil (Bewegungslernen, Schul-Erkundung). Fachsprache-Aufbau (KE2 + KE3 wörtlich „verwenden Fachbegriffe""). Koordinatensystem als ikonische Darstellung mit Spiralanker zu M6/M7.<br><br><b>↑ Vorwissen:</b> GS-Geometrie-Anschluss (GB §1.6 — GS-Wissen: erste geometrische Vorstellung + einfache Figuren)<br><b>↓ Anschluss:</b> M6-LB3-Vierecke-Koerper (Vierecks-Klassifikation + Sonderform-Hierarchie); M7R-LB3-Geometrie-Konstruktion (★ Dreieck-Klassifikation + Konstruktion + Innenwinkelsumme)"	LehrplanPLUS MS Bayern · M5R · LB3 Geometrische Figuren + Lagebeziehungen | Realisierung: B5 §4 + B1 §6 Geometrie-Strukturmodell	MP_N18_Mathe_KE vorwissen M5R LB3 Anker Stufe2
Welche Sequenz-Skizze + welche Prinzipien trägt <b>M5-LB3-Geometrie-Grundlagen</b> (Linien + Winkel + Koordinatensystem (1. Quadrant))?	"<b>Sequenz:</b> Vollabdeckung LB3 Geometrie-Grundlagen — 12 UE M5R<br><i>Spiralanker Grundschulwissen + Vorbereitung M6/M7-Geometrie. Hoher enaktiver Anteil (Bewegung, Schul-Erkundung) wegen Aebli-Verzögerung. Fachsprache-Aufbau systematisch (Wortspeicher pro UE). Klafki-Bildungsgehalt: räumliches Strukturieren als anthropologische Konstante (Heymann-Leitidee 3).</i><br><br><b>UE-Skizze:</b><br>• <b>UE 1:</b> Linien klassifizieren — Schul-Erkundung <i>[Linien klassifizieren / erkennen senkrecht/parallel · enaktiv]</i><br>• <b>UE 2:</b> Fachsprache Linien — Strecke/Gerade/Punkt <i>[Fachbegriffe verwenden · ikonisch → symbolisch]</i><br>• <b>UE 3:</b> Winkel im Alltag identifizieren <i>[Winkel identifizieren / beschreiben · enaktiv → ikonisch]</i><br>• <b>UE 4:</b> Winkel messen + zeichnen mit Geodreieck <i>[Winkel messen / zeichnen · enaktiv → symbolisch]</i><br>• <b>UE 5:</b> Winkel klassifizieren — spitz/recht/stumpf/gestreckt <i>[Winkel klassifizieren · ikonisch]</i><br>• <b>UE 5+R:</b> Spaced-Retrieval (5 min) <i>[Winkel messen + klassifizieren · symbolisch (mental)]</i><br>• <b>UE 6:</b> Übung Winkel + Linien (kompakt) <i>[Winkel + Linien klassifizieren / messen · ikonisch]</i><br>• <b>UE 7:</b> Koordinatensystem einführen — 1. Quadrant <i>[Punkte/Figuren in Koordinatensystem zeichnen · ikonisch → symbolisch]</i><br>• <b>UE 8:</b> Figuren in Koordinaten zeichnen <i>[Figuren in Koordinatensystem zeichnen · ikonisch]</i><br>• <b>UE 9:</b> Umfang messen + berechnen <i>[Umfänge messen + berechnen · enaktiv → symbolisch]</i><br>• <b>UE 9+R:</b> Spaced-Retrieval (5 min) <i>[Koordinatensystem + Umfang · ikonisch]</i><br>• <b>UE 10:</b> Übung vermischt + Berufsbezug <i>[alle KE · symbolisch]</i><br>• <b>UE 11:</b> LNW-Vorbereitung <i>[alle KE · symbolisch]</i><br>• <b>UE 12:</b> Leistungsnachweis <i>[alle KE · symbolisch]</i><br><br><b>Prinzipien:</b><br>• <b>EIS-Prinzip:</b> Schul-Erkundung (enaktiv UE 1+3) → Skizze (ikonisch UE 2+5) → Koordinaten-Notation (symbolisch UE 7). <i>(GB §3.4)</i><br>• <b>Sprachsensibler MU:</b> KE2 + KE3 wörtlich „verwenden Fachbegriffe"" — Wortspeicher Pflicht. DaZ-Markierung explizit. <i>(LP+ §4 + Hopf 2014)</i><br>• <b>Spiralprinzip:</b> Vorbereitung M6-LB3 (Vierecke) + M7-LB3 (Dreieck-Konstruktion + Prismen) + LB8 (Koordinatensystem). <i>(Spiralprinzip Track 3)</i><br>• <b>Beziehungshaltigkeit:</b> Schul-Erkundung + Berufsbezug (Architekt/Tischler) als authentische Anwendungs-Anker. <i>(Weigand §4)</i><br><br><b>Antwortgerüst-Anschluss:</b> EIS-Prinzip, Differenzierung, Spiralprinzip"	LehrplanPLUS MS Bayern · M5R · LB3 Geometrische Figuren + Lagebeziehungen | Realisierung: B5 §4 + B1 §6 Geometrie-Strukturmodell	MP_N18_Mathe_KE vorwissen M5R LB3 Anker Stufe3
Was sagt der LP+ in <b>M5-LB4-Flaecheninhalt-Rechteck</b> (Flächeninhalt Rechteck + Quadrat — Auslegen + Formel)?	Fundort: LehrplanPLUS MS Bayern · M5R · LB4 Flächeninhalt<br><br>„vergleichen, messen und schätzen Flächeninhalte und nutzen verschiedene Problemlösestrategien (z. B. Zerlegen, Auslegen mit ungenormten und genormten Flächeneinheiten).“ <i>(Operator: vergleichen / messen / schätzen / nutzen, AFB II)</i><br><br>„begründen die Flächeninhaltsberechnung von Rechtecken und Quadraten dadurch, dass sie mit Einheitsquadraten auslegen und die Abhängigkeit des Flächeninhalts von Länge und Breite aufzeigen.“ <i>(Operator: begründen / aufzeigen, AFB II-III)</i><br><br>„berechnen Flächeninhalte von Rechtecken, Quadraten und einfachen daraus zusammengesetzten Figuren.“ <i>(Operator: berechnen, AFB II)</i><br><br>„wenden Maßeinheiten bei Flächeninhalten (m², dm², cm², mm²) überlegt an.“ <i>(Operator: anwenden, AFB II)</i><br><br><b>Prozessbez. Komp.:</b> argumentieren · Probleme lösen · Darstellungen verwenden · modellieren<br><b>Gegenstandsbereiche:</b> Größen und Messen · Raum und Form	LehrplanPLUS MS Bayern · M5R · LB4 Flächeninhalt | Realisierung: B4 §2 + B1 §4.2.5	MP_N18_Mathe_KE vorwissen M5R LB4 Anker Stufe1
Wie realisierst du <b>M5-LB4-Flaecheninhalt-Rechteck</b> (Flächeninhalt Rechteck + Quadrat — Auslegen + Formel)? Spiralanker?	"[idealtypisch] Sequenz „Auslegen als operatives Verfahren""<br><br><b>Verlauf:</b> Sequenz mit zentralem operativen Verfahren Auslegen (Einheitsquadrate). EIS strikt: enaktiv (Karton-Quadrate auslegen) → ikonisch (Rasterung mit Karopapier) → symbolisch (Formel A = a·b). Begründung der Formel als AFB-III-Anker (KE2 wörtlich „begründen""). Spiralanker für M6 (Volumen-Analogon) und M7 (Parallelogramm-Zerlegung).<br><br><b>↑ Vorwissen:</b> GS-Geometrie-Anschluss (GB §1.6 — GS: erste Flächenvorstellung + Rechteckumfang)<br><b>↓ Anschluss:</b> M6-LB4-5-Quader-Volumen (★ Auslegen mit Einheitswürfeln (3D-Analogon)); M7R-LB4-Flaecheninhalt (★★ Parallelogramm/Dreieck — Zerlegung in Rechteck)"	LehrplanPLUS MS Bayern · M5R · LB4 Flächeninhalt | Realisierung: B4 §2 + B1 §4.2.5	MP_N18_Mathe_KE vorwissen M5R LB4 Anker Stufe2
Welche Sequenz-Skizze + welche Prinzipien trägt <b>M5-LB4-Flaecheninhalt-Rechteck</b> (Flächeninhalt Rechteck + Quadrat — Auslegen + Formel)?	"<b>Sequenz:</b> Vollabdeckung LB4 Flächeninhalt Rechteck — 10 UE M5R<br><i>Auslegen als operatives Verfahren mit hoher Spiralwirkung (M6-Würfel, M7-Parallelogramm, M9-Vielecke). EIS: enaktiv (Karton-Quadrate auf Tisch auslegen) → ikonisch (Karopapier-Rasterung) → symbolisch (A = a·b). Begründung über Auslegen ist KE-Pflicht (AFB III). Maßeinheit-Hierarchie als Stützen-T...</i><br><br><b>UE-Skizze:</b><br>• <b>UE 1:</b> Flächen vergleichen + schätzen — handelnd <i>[Flächeninhalte vergleichen + schätzen + Problemlösestrategien · enaktiv]</i><br>• <b>UE 2:</b> Auslegen mit Einheitsquadraten — Karton-Experiment <i>[Flächeninhaltsberechnung begründen durch Auslegen · enaktiv]</i><br>• <b>UE 3:</b> Formel A = a · b entdecken <i>[Flächeninhaltsberechnung begründen + Abhängigkeit aufzeigen · ikonisch → symbolisch]</i><br>• <b>UE 4:</b> Maßeinheiten m² / dm² / cm² / mm² <i>[Maßeinheiten überlegt anwenden · ikonisch → symbolisch]</i><br>• <b>UE 5:</b> Übung Rechteck-Flächen (kompakt) <i>[Flächeninhalte berechnen · symbolisch]</i><br>• <b>UE 5+R:</b> Spaced-Retrieval (5 min) <i>[Flächeninhalte berechnen + Maßeinheiten · symbolisch (mental)]</i><br>• <b>UE 6:</b> Zusammengesetzte Figuren — L-Form + T-Form <i>[zusammengesetzte Figuren berechnen · ikonisch → symbolisch]</i><br>• <b>UE 7:</b> Sachaufgaben — Schulhof + Wohnung <i>[Sachaufgaben + Maßeinheit anwenden · symbolisch-anwendend]</i><br>• <b>UE 8:</b> Übung Sachaufgaben (kompakt) <i>[Sachaufgaben + Maßeinheit · symbolisch-anwendend]</i><br>• <b>UE 9:</b> LNW-Vorbereitung <i>[alle KE · symbolisch]</i><br>• <b>UE 10:</b> Leistungsnachweis <i>[alle KE · symbolisch]</i><br><br><b>Prinzipien:</b><br>• <b>EIS-Prinzip:</b> Karton-Auslegen (enaktiv UE 1+2) → Karopapier-Rasterung (ikonisch UE 3) → Formel A = a·b (symbolisch). <i>(GB §3.4)</i><br>• <b>Operatives Prinzip — Auslegen + Komposition:</b> Auslegen ist DAS operative Verfahren der Geometrie-Spirale (M5 Rechteck → M6 Würfel → M7 Parallelogramm/Dreieck → M9 Vielecke). <i>(B1 §4.2.5)</i><br>• <b>Spiralprinzip:</b> DER zentrale Spiralanker — M5-Auslegen wird in M6 (3D) und M7 (Zerlegung) erweitert; in M9R nochmals (Vielecke). <i>(Spiralprinzip Track 3)</i><br>• <b>Argumentieren AFB III:</b> KE2 wörtlich „begründen die Flächeninhaltsberechnung … durch Auslegen"" — AFB-III-Pflicht über das Verfahren. <i>(Fachprofil M §2.2)</i><br>• <b>Modellieren:</b> UE 7 Sachaufgaben Schulhof + Wohnung + Maßeinheit-Wahl als authentische Modellierung. <i>(Fachprofil M §2.2)</i><br><br><b>Antwortgerüst-Anschluss:</b> EIS-Prinzip, Operatives-Prinzip, Spiralprinzip, Modellieren, Induktives-Vorgehen"	LehrplanPLUS MS Bayern · M5R · LB4 Flächeninhalt | Realisierung: B4 §2 + B1 §4.2.5	MP_N18_Mathe_KE vorwissen M5R LB4 Anker Stufe3
Was sagt der LP+ in <b>M6-LB1-2-Bruchrechnung</b> (Rechnen mit Bruchzahlen + Dezimalbrüchen (+, -, ·, :))?	Fundort: LehrplanPLUS MS Bayern · M6 · LB1.2 Rechnen mit Bruchzahlen<br><br>„addieren, subtrahieren, multiplizieren und dividieren schriftlich positive Bruchzahlen und Dezimalbrüche. Beim Rechnen mit diesen Zahlen entscheiden sie, welche Darstellung (Bruch oder Dezimalzahl) vorteilhaft ist.“ <i>(Operator: addieren / subtrahieren / multiplizieren / dividieren / entscheiden, AFB II)</i><br><br>„setzen in Sachaufgaben die verschiedenen Grundrechenarten auch kombiniert ein. Zu Sachsituationen stellen sie selbst mathematische Fragen und beantworten diese nachvollziehbar.“ <i>(Operator: einsetzen / Fragen stellen / beantworten, AFB II-III)</i><br><br><b>Prozessbez. Komp.:</b> mit symbolischen, formalen und technischen Elementen umgehen · modellieren · Probleme lösen · kommunizieren<br><b>Gegenstandsbereiche:</b> Zahlen und Operationen	LehrplanPLUS MS Bayern · M6 · LB1.2 Rechnen mit Bruchzahlen | Realisierung: B3 §2 (Beispiel) + Padberg Bruchrechnung 2009	MP_N18_Mathe_KE vorwissen M6 LB1.2 Anker Stufe1
Wie realisierst du <b>M6-LB1-2-Bruchrechnung</b> (Rechnen mit Bruchzahlen + Dezimalbrüchen (+, -, ·, :))? Spiralanker?	"[idealtypisch] Sequenz „Rechnen mit Brüchen — Strategie wählen""<br><br><b>Verlauf:</b> Sequenz aufbauend auf LB1.1. Pro Operation Erarbeitung + Festigung + Übung. KE1 wörtlich „entscheiden, welche Darstellung vorteilhaft ist"" als operative Variabilität-Schule. KE2 Sachaufgaben + eigene Frage-Formulierung als kommunikative Pflicht. Bruch-Aspekt-Vielfalt (Padberg 2009) als didaktischer Hintergrund.<br><br><b>↑ Vorwissen:</b> M6-LB1-1-Bruch-Dezimal-Prozent (★ Direkter Vorgänger — Bruchteile + Darstellungswechsel); M5-LB1-Grundrechenarten (Grundrechenarten ℕ als operatives Fundament)<br><b>↓ Anschluss:</b> M7R-LB2-Rationale-Zahlen (★ Erweiterung auf ℚ + Vorzeichenregel Multiplikation); M7R-LB1-Prozent (Bruch-/Dezimal-Operationen als Voraussetzung für Prozent-Rechenarten)"	LehrplanPLUS MS Bayern · M6 · LB1.2 Rechnen mit Bruchzahlen | Realisierung: B3 §2 (Beispiel) + Padberg Bruchrechnung 2009	MP_N18_Mathe_KE vorwissen M6 LB1.2 Anker Stufe2
Welche Sequenz-Skizze + welche Prinzipien trägt <b>M6-LB1-2-Bruchrechnung</b> (Rechnen mit Bruchzahlen + Dezimalbrüchen (+, -, ·, :))?	"<b>Sequenz:</b> Vollabdeckung LB1.2 Bruchrechnung — 14 UE M6<br><i>Vier Operationen sequenziell aufbauen mit hoher Spiralanknüpfung an M5-ℕ-Grundrechenarten. Operative Variabilität (Bruch ↔ Dezimal) als didaktischer Schwerpunkt. Sachaufgaben mit Frage-Formulierung als kommunikative Kompetenz (KE2 wörtlich). Klafki-Bildungsgehalt: Bruchrechnung als Schlüssel zur ...</i><br><br><b>UE-Skizze:</b><br>• <b>UE 1:</b> Addition + Subtraktion gleichnamiger Brüche <i>[Brüche addieren/subtrahieren · enaktiv → symbolisch]</i><br>• <b>UE 2:</b> Addition + Subtraktion ungleichnamiger Brüche <i>[Brüche addieren/subtrahieren · ikonisch → symbolisch]</i><br>• <b>UE 3:</b> Übung Addition/Subtraktion Bruch (kompakt) <i>[Brüche addieren/subtrahieren · symbolisch]</i><br>• <b>UE 4:</b> Multiplikation Bruch · Bruch — Modell <i>[Brüche multiplizieren · ikonisch → symbolisch]</i><br>• <b>UE 4+R:</b> Spaced-Retrieval (5 min) <i>[Brüche addieren/subtrahieren/multiplizieren · symbolisch (mental)]</i><br>• <b>UE 5:</b> Division Bruch : Bruch — Kehrwert-Regel <i>[Brüche dividieren · symbolisch]</i><br>• <b>UE 6:</b> Übung Multiplikation/Division Bruch (kompakt) <i>[Brüche multiplizieren/dividieren · symbolisch]</i><br>• <b>UE 7:</b> Rechnen mit Dezimalbrüchen <i>[Dezimalbrüche +/-/·/: · symbolisch]</i><br>• <b>UE 8:</b> Übung Dezimal (kompakt) <i>[Dezimalbrüche +/-/·/: · symbolisch]</i><br>• <b>UE 8+R:</b> Spaced-Retrieval (5 min) <i>[Bruch + Dezimal-Operationen · symbolisch (mental)]</i><br>• <b>UE 9:</b> Vorteilhaftes Rechnen — Darstellung wählen <i>[entscheiden, welche Darstellung vorteilhaft ist · symbolisch (mental)]</i><br>• <b>UE 10:</b> Sachaufgaben — kombinierte Grundrechenarten <i>[Grundrechenarten kombiniert in Sachaufgaben · symbolisch-anwendend]</i><br>• <b>UE 11:</b> Eigene Fragen formulieren <i>[zu Sachsituationen mathematische Fragen stellen + beantworten · symbolisch-reflexiv]</i><br>• <b>UE 12:</b> Übung Sachaufgaben (kompakt) <i>[Sachaufgaben + Frage-Formulierung · symbolisch-anwendend]</i><br>• <b>UE 13:</b> LNW-Vorbereitung <i>[alle KE · symbolisch]</i><br>• <b>UE 14:</b> Leistungsnachweis <i>[alle KE · symbolisch]</i><br><br><b>Prinzipien:</b><br>• <b>Operatives Prinzip — Variabilität + Reversibilität:</b> Variabilität (UE 9 Wahl Bruch/Dezimal), Reversibilität (UE 5 Division als Umkehr-Multiplikation). <i>(B1 §4.2 + Padberg)</i><br>• <b>EIS-Prinzip:</b> Pizza-Modell + Bruchstreifen (enaktiv-ikonisch UE 1-4) → Algorithmen (symbolisch). <i>(GB §3.4)</i><br>• <b>Spiralprinzip:</b> Anschluss M6-LB1.1 + M5-LB1-Grundrechenarten; Vorbereitung M7-LB2 rationale Zahlen. <i>(Spiralprinzip Track 1)</i><br>• <b>Modellieren:</b> UE 10 mehrschrittige Sachaufgaben + UE 11 eigene Frage-Formulierung (offene Modellierung). <i>(Fachprofil M §2.2)</i><br>• <b>Kommunizieren / Problemstellen:</b> KE2 wörtlich „Fragen stellen + beantworten"" — UE 11 als Kommunikations-Kompetenz-Anker. <i>(Fachprofil M §2.2)</i><br><br><b>Antwortgerüst-Anschluss:</b> Operatives-Prinzip, EIS-Prinzip, Modellieren, Produktives-Ueben"	LehrplanPLUS MS Bayern · M6 · LB1.2 Rechnen mit Bruchzahlen | Realisierung: B3 §2 (Beispiel) + Padberg Bruchrechnung 2009	MP_N18_Mathe_KE vorwissen M6 LB1.2 Anker Stufe3
Was sagt der LP+ in <b>M6-LB2-Rationale-Zahlen-Einfuehrung</b> (Erweiterung des Zahlbereichs auf ℚ — negative Dezimal- und Bruchzahlen)?	Fundort: LehrplanPLUS MS Bayern · M6 · LB2 Erweiterung des Zahlbereichs auf rationale Zahlen + Grundrechenarten<br><br>„beschreiben und interpretieren anschauliche Situationen und Modelle aus dem Alltag (z. B. Temperaturen, Kontostände) mit negativen Dezimalbrüchen und ggf. Bruchzahlen, um den bekannten Zahlenraum ℤ auf ℚ zu erweitern.“ <i>(Operator: beschreiben / interpretieren, AFB II)</i><br><br>„ordnen rationale Zahlen auf der Zahlengeraden, um Größenvergleiche begründet anzustellen.“ <i>(Operator: ordnen / begründen, AFB II-III)</i><br><br>„stellen Zustandsänderungen (Addition und Subtraktion ganzer und rationaler Zahlen) als Pfeile nach rechts bzw. links an der Zahlengeraden dar.“ <i>(Operator: darstellen, AFB II)</i><br><br>„stellen die Multiplikation rationaler Zahlen als wiederholte Addition und die Division rationaler Zahlen als Umkehrung der Multiplikation an der Zahlengeraden durch Pfeile dar.“ <i>(Operator: darstellen, AFB II-III)</i><br><br>„ordnen Sachsituationen aus ihrer Lebenswelt den passenden Grundrechenaufgaben zu.“ <i>(Operator: zuordnen, AFB II)</i><br><br>„lösen einfache Aufgaben zu den Grundrechenarten mit rationalen Zahlen, auch im Kopf.“ <i>(Operator: lösen, AFB II)</i><br><br><b>Prozessbez. Komp.:</b> modellieren · Darstellungen verwenden · argumentieren · mit symbolischen, formalen und technischen Elementen umgehen<br><b>Gegenstandsbereiche:</b> Zahlen und Operationen	LehrplanPLUS MS Bayern · M6 · LB2 Erweiterung des Zahlbereichs auf rationale Zahlen + Grundrechenarten | Realisierung: B3 §2 + B1 §4.2.2	MP_N18_Mathe_KE vorwissen M6 LB2 Anker Stufe1
Wie realisierst du <b>M6-LB2-Rationale-Zahlen-Einfuehrung</b> (Erweiterung des Zahlbereichs auf ℚ — negative Dezimal- und Bruchzahlen)? Spiralanker?	"[idealtypisch] Sequenz „Negative Brüche/Dezimal — Erweiterung ℤ → ℚ""<br><br><b>Verlauf:</b> Sequenz erweitert M5-LB2-Pfeildarstellung auf negative Brüche und Dezimal. Sachkontexte (Temperaturen unter 0, negative Konten) als Beziehungshaltigkeit. Pfeildarstellung der 4 Grundrechenarten als operatives Verfahren. KE6 „auch im Kopf"" — Mental-Automatisierung als Pflicht.<br><br><b>↑ Vorwissen:</b> M5-LB2-Ganze-Zahlen (★ Vorzeichen + Zustandsänderungen + Pfeildarstellung ℤ); M6-LB1-1-Bruch-Dezimal-Prozent (Positive Bruchzahlen + Darstellungsformen)<br><b>↓ Anschluss:</b> M7R-LB2-Rationale-Zahlen (★ Rechenregeln in ℚ formal + Vorzeichenregel)"	LehrplanPLUS MS Bayern · M6 · LB2 Erweiterung des Zahlbereichs auf rationale Zahlen + Grundrechenarten | Realisierung: B3 §2 + B1 §4.2.2	MP_N18_Mathe_KE vorwissen M6 LB2 Anker Stufe2
Welche Sequenz-Skizze + welche Prinzipien trägt <b>M6-LB2-Rationale-Zahlen-Einfuehrung</b> (Erweiterung des Zahlbereichs auf ℚ — negative Dezimal- und Bruchzahlen)?	<b>Sequenz:</b> Vollabdeckung LB2 Einführung ℚ + Grundrechenarten — 12 UE M6<br><i>Erweiterung von ℤ (M5) auf ℚ über authentische Sachkontexte (Temperaturen, Kontostände). Pfeildarstellung als operatives Verfahren für alle 4 Grundrechenarten — Multiplikation als wiederholte Addition, Division als Umkehrung. Spiralanker M5-LB2 + Brücke zu M7-LB2.</i><br><br><b>UE-Skizze:</b><br>• <b>UE 1:</b> Negative Dezimal- und Bruchzahlen im Alltag <i>[Sachsituationen mit negativen Dezimalbrüchen beschreiben · ikonisch]</i><br>• <b>UE 2:</b> Zahlengerade ℚ — negative Brüche/Dezimal ordnen <i>[rationale Zahlen ordnen + begründen · ikonisch]</i><br>• <b>UE 3:</b> Addition/Subtraktion mit Pfeilen <i>[Zustandsänderungen als Pfeile darstellen · ikonisch → symbolisch]</i><br>• <b>UE 4:</b> Übung +/- mit ℚ (kompakt) <i>[Grundrechenarten ℚ lösen · symbolisch]</i><br>• <b>UE 4+R:</b> Spaced-Retrieval (5 min) <i>[Zustandsänderungen + Ordnung ℚ · symbolisch (mental)]</i><br>• <b>UE 5:</b> Multiplikation als wiederholte Addition <i>[Multiplikation als wiederholte Addition darstellen · ikonisch → symbolisch]</i><br>• <b>UE 6:</b> Division als Umkehrung <i>[Division als Umkehrung der Multiplikation darstellen · ikonisch → symbolisch]</i><br>• <b>UE 7:</b> Sachsituationen → Grundrechenaufgabe zuordnen <i>[Sachsituationen Grundrechenaufgaben zuordnen · symbolisch]</i><br>• <b>UE 8:</b> Übung Multiplikation/Division (kompakt) <i>[Multiplikation + Division ℚ lösen · symbolisch]</i><br>• <b>UE 8+R:</b> Spaced-Retrieval (5 min) <i>[Grundrechenarten ℚ lösen · symbolisch (mental)]</i><br>• <b>UE 9:</b> Kopfrechnen einfacher ℚ-Aufgaben <i>[Grundrechenarten ℚ, auch im Kopf · symbolisch (mental)]</i><br>• <b>UE 10:</b> Vermischte Übung (kompakt) <i>[alle KE · symbolisch]</i><br>• <b>UE 11:</b> LNW-Vorbereitung <i>[alle KE · symbolisch]</i><br>• <b>UE 12:</b> Leistungsnachweis <i>[alle KE · symbolisch]</i><br><br><b>Prinzipien:</b><br>• <b>EIS-Prinzip + Pfeildarstellung:</b> Zahlengerade + Pfeile als ikonische Brücke zur symbolischen Notation. Vollständige Sequenz UE 2-6. <i>(GB §3.4 + B1 §4.2.2)</i><br>• <b>Operatives Prinzip — alle Merkmale:</b> Komposition (UE 5 wiederholte Addition), Reversibilität (UE 6 Division), Variabilität (Bruch/Dezimal-Wechsel). <i>(B1 §4.2)</i><br>• <b>Spiralprinzip:</b> Direkte Brücke M5-LB2 (ganze Zahlen) → M6-LB2 (ℚ-Einführung) → M7-LB2 (formale Rechenregeln). Track 1. <i>(Spiralprinzip Track 1)</i><br>• <b>Modellieren:</b> UE 7 Sortier-Aufgabe als Modell-Bildungs-Schule; UE 1 + 3 Sachkontexte authentisch. <i>(Fachprofil M §2.2)</i><br><br><b>Antwortgerüst-Anschluss:</b> EIS-Prinzip, Operatives-Prinzip, Spiralprinzip, Modellieren	LehrplanPLUS MS Bayern · M6 · LB2 Erweiterung des Zahlbereichs auf rationale Zahlen + Grundrechenarten | Realisierung: B3 §2 + B1 §4.2.2	MP_N18_Mathe_KE vorwissen M6 LB2 Anker Stufe3
Was sagt der LP+ in <b>M6-LB3-Vierecke-Koerper</b> (Vierecks-Klassifikation + Körper + Würfel/Quader-Netze)?	Fundort: LehrplanPLUS MS Bayern · M6 · LB3 Geometrische Figuren, Körper und Lagebeziehungen<br><br>„beschreiben, bestimmen und ordnen unterschiedliche Vierecke (allgemeines Viereck, Trapez, Parallelogramm, Raute, Rechteck, Quadrat, Drachenviereck); beschreiben spezielle Vierecke als Sonderformen anderer Vierecke (z. B. Rechteck als Sonderform des Parallelogramms).“ <i>(Operator: beschreiben / bestimmen / ordnen, AFB II-III)</i><br><br>„zeichnen Parallelogramme, Rechtecke, Quadrate und Kreise sachgerecht mit mathematischen Werkzeugen. Sie beschriften und beschreiben diese Figuren mit Fachbegriffen (Eckpunkte, Seiten, Winkel, Kreislinie, Mittelpunkt, Radius, Durchmesser).“ <i>(Operator: zeichnen / beschriften / beschreiben, AFB II)</i><br><br>„zeichnen Punkte und Figuren in erweiterte Koordinatensysteme (I. – IV. Quadrant).“ <i>(Operator: zeichnen, AFB I-II)</i><br><br>„benennen und identifizieren Körper (Würfel, Quader, Prisma, Zylinder, Pyramide, Kegel, Kugel) in ihrer Umwelt.“ <i>(Operator: benennen / identifizieren, AFB I-II)</i><br><br>„zeichnen Würfel und Quader als Netze und Schrägbildskizzen.“ <i>(Operator: zeichnen, AFB II)</i><br><br><b>Prozessbez. Komp.:</b> Darstellungen verwenden · kommunizieren · argumentieren · mit symbolischen, formalen und technischen Elementen umgehen<br><b>Gegenstandsbereiche:</b> Raum und Form	LehrplanPLUS MS Bayern · M6 · LB3 Geometrische Figuren, Körper und Lagebeziehungen | Realisierung: B5 §4 + B1 §6	MP_N18_Mathe_KE vorwissen M6 LB3 Anker Stufe1
Wie realisierst du <b>M6-LB3-Vierecke-Koerper</b> (Vierecks-Klassifikation + Körper + Würfel/Quader-Netze)? Spiralanker?	"[idealtypisch] Sequenz „Vierecke + Körper — Sonderform-Hierarchie""<br><br><b>Verlauf:</b> Sequenz mit klarer Klassifikations-Achse: Vierecks-Hierarchie als Begriffsbildungs-Anker (KE1 wörtlich „Sonderformen anderer Vierecke""). Körper-Erkundung über Modellkörper + Schul-Erkundung. Koordinatensystem-Erweiterung auf alle 4 Quadranten (Spiralanker LB2 negative Zahlen).<br><br><b>↑ Vorwissen:</b> M5-LB3-Geometrie-Grundlagen (Linien + Winkel + Koordinatensystem (1. Quadrant))<br><b>↓ Anschluss:</b> M7R-LB3-Geometrie-Konstruktion (★ Dreieck-Klassifikation + Konstruktion + Prismen mit verschiedenen Grundflächen)"	LehrplanPLUS MS Bayern · M6 · LB3 Geometrische Figuren, Körper und Lagebeziehungen | Realisierung: B5 §4 + B1 §6	MP_N18_Mathe_KE vorwissen M6 LB3 Anker Stufe2
Welche Sequenz-Skizze + welche Prinzipien trägt <b>M6-LB3-Vierecke-Koerper</b> (Vierecks-Klassifikation + Körper + Würfel/Quader-Netze)?	<b>Sequenz:</b> Vollabdeckung LB3 Vierecke + Körper — 12 UE M6<br><i>Sonderform-Hierarchie als zentrale Begriffsbildung (Quadrat ⊂ Rechteck ⊂ Parallelogramm ⊂ Trapez ⊂ Viereck). Modellkörper als enaktive Stütze für räumliches Vorstellen (B1 §1 — Aebli-Verzögerung). Netze als Brücke zwischen 3D und 2D. Koordinatensystem-Erweiterung als Spiralanker zu LB2.</i><br><br><b>UE-Skizze:</b><br>• <b>UE 1:</b> Vierecks-Sammlung — Klassifikation entwickeln <i>[Vierecke beschreiben / bestimmen / ordnen · enaktiv → ikonisch]</i><br>• <b>UE 2:</b> Sonderform-Hierarchie — Quadrat als Sonderform des Rechtecks <i>[Sonderformen beschreiben · ikonisch → symbolisch]</i><br>• <b>UE 3:</b> Vierecke zeichnen + Fachbegriffe <i>[Parallelogramme/Rechtecke/Quadrate zeichnen + Fachbegriffe · enaktiv → ikonisch]</i><br>• <b>UE 4:</b> Kreise zeichnen + Fachbegriffe <i>[Kreise zeichnen + Fachbegriffe (Mittelpunkt/Radius/Durchmesser) · enaktiv → ikonisch]</i><br>• <b>UE 4+R:</b> Spaced-Retrieval (5 min) <i>[Vierecke + Kreise zeichnen + Begriffe · ikonisch]</i><br>• <b>UE 5:</b> Koordinatensystem alle 4 Quadranten <i>[Punkte/Figuren in erweitertes Koordinatensystem zeichnen · ikonisch]</i><br>• <b>UE 6:</b> Übung Koordinaten + Vierecke (kompakt) <i>[Vierecke + Koordinaten zeichnen · ikonisch]</i><br>• <b>UE 7:</b> Körper in der Umwelt — Schul-Erkundung <i>[Körper benennen / identifizieren · enaktiv]</i><br>• <b>UE 8:</b> Körper-Eigenschaften + Fachbegriffe <i>[Körper benennen / identifizieren + Fachbegriffe · enaktiv → symbolisch]</i><br>• <b>UE 9:</b> Würfel/Quader-Netze entwickeln <i>[Würfel/Quader als Netze zeichnen · enaktiv → ikonisch]</i><br>• <b>UE 9+R:</b> Spaced-Retrieval (5 min) <i>[Körper benennen + Würfelnetz zeichnen · ikonisch]</i><br>• <b>UE 10:</b> Würfel/Quader-Schrägbildskizzen <i>[Würfel/Quader als Schrägbilder zeichnen · ikonisch]</i><br>• <b>UE 11:</b> Übung Netze + Schrägbilder (kompakt) <i>[Würfel/Quader-Netze + Schrägbilder · ikonisch]</i><br>• <b>UE 12:</b> LNW + Leistungsnachweis <i>[alle KE · ikonisch + symbolisch]</i><br><br><b>Prinzipien:</b><br>• <b>EIS-Prinzip:</b> Modellkörper (enaktiv UE 7-9) → Netze + Schrägbilder (ikonisch UE 9-10) → Fachbegriff-Notation (symbolisch). <i>(GB §3.4)</i><br>• <b>Spiralprinzip:</b> Anschluss M5-LB3 (Linien/Winkel) → Vorbereitung M7-LB3 (Dreiecke/Prismen) + M9-Pyramide/Kegel. <i>(Spiralprinzip Track 3)</i><br>• <b>Begriffsbildung + Sprachsensibler MU:</b> Sonderform-Hierarchie (UE 2) als formale Begriffslogik; Wortspeicher für DaZ. <i>(Vollrath/Weigand Begriffsbildung + LP+ §4)</i><br>• <b>Konstruktivismus:</b> Sortier-Aufgabe (UE 1) + Schul-Erkundung (UE 7) + Netz-Aufklapp-Experiment (UE 9) als aktiv-konstruktive Wissens-Bildung. <i>(GB §3)</i><br><br><b>Antwortgerüst-Anschluss:</b> EIS-Prinzip, Spiralprinzip, Differenzierung, Konstruktivismus	LehrplanPLUS MS Bayern · M6 · LB3 Geometrische Figuren, Körper und Lagebeziehungen | Realisierung: B5 §4 + B1 §6	MP_N18_Mathe_KE vorwissen M6 LB3 Anker Stufe3
Was sagt der LP+ in <b>M6-LB4-5-Quader-Volumen</b> (Oberflächeninhalt + Volumen von Würfeln + Quadern)?	Fundort: LehrplanPLUS MS Bayern · M6 · LB4 + LB5 (kombinierte Karte) Oberflächen- + Rauminhalt Quader/Würfel<br><br>„berechnen Oberflächeninhalte von Quadern und Würfeln auch in Sachsituationen, indem sie mithilfe von Netzen oder Schrägbildskizzen den jeweiligen Oberflächeninhalt als Summe aller Inhalte der Teilfiguren deutlich machen.“ <i>(Operator: berechnen, AFB II)</i><br><br>„berechnen Oberflächeninhalte von aus Quadern und Würfeln zusammengesetzten Körpern.“ <i>(Operator: berechnen, AFB II-III)</i><br><br>„bauen Würfelbauten nach Schrägbildern oder Ansichten (Seitenansicht, Vorderansicht, Ansicht von oben) und lösen im Kopf Aufgaben mit Körpern, die aus Einheitswürfeln bestehen.“ <i>(Operator: bauen / lösen, AFB II)</i><br><br>„vergleichen, messen und schätzen Rauminhalte von Würfeln und Quadern, indem sie verschiedene Problemlösestrategien (z. B. Umschütten, Auslegen mit Einheitswürfeln) durchführen.“ <i>(Operator: vergleichen / messen / schätzen, AFB II)</i><br><br>„begründen die Rauminhaltsberechnung von Würfeln und Quadern dadurch, dass sie diese mit Einheitswürfeln auslegen.“ <i>(Operator: begründen, AFB II-III)</i><br><br>„beschreiben auf der Grundlage ihres Verständnisses des Prinzips der Volumenberechnung das Würfelvolumen (V = a · a · a; V = a³) und entsprechende Maßeinheiten als Potenzen (m³, dm³, cm³, mm³).“ <i>(Operator: beschreiben, AFB II)</i><br><br>„berechnen Volumina von Quadern, Würfeln oder daraus zusammengesetzten Körpern.“ <i>(Operator: berechnen, AFB II)</i><br><br><b>Prozessbez. Komp.:</b> argumentieren · Problemlösen · modellieren · Darstellungen verwenden · mit symbolischen, formalen und technischen Elementen umgehen<br><b>Gegenstandsbereiche:</b> Größen und Messen · Raum und Form	LehrplanPLUS MS Bayern · M6 · LB4 + LB5 (kombinierte Karte) Oberflächen- + Rauminhalt Quader/Würfel | Realisierung: B4 §2 + B1 §4.2.5	MP_N18_Mathe_KE vorwissen M6 LB4-5 Anker Stufe1
Wie realisierst du <b>M6-LB4-5-Quader-Volumen</b> (Oberflächeninhalt + Volumen von Würfeln + Quadern)? Spiralanker?	"[idealtypisch] Sequenz „Auslegen in 3D — Volumen + Oberfläche""<br><br><b>Verlauf:</b> Sequenz mit zwei parallelen Achsen: (a) Volumen über Einheitswürfel-Auslegen (Spiralanker M5-Rechteck-Auslegen, 2D→3D-Erweiterung); (b) Oberflächeninhalt als Summe der Teilflächen via Netz. Begründung über Auslegen ist KE5 wörtlich AFB-III. Würfel-Volumen V = a³ als erste Potenz-Erfahrung.<br><br><b>↑ Vorwissen:</b> M5-LB4-Flaecheninhalt-Rechteck (★★ Auslegen mit Einheitsquadraten (2D-Analogon zu 3D)); M6-LB3-Vierecke-Koerper (Würfel/Quader-Netze + Schrägbilder)<br><b>↓ Anschluss:</b> M7R-LB4-Flaecheninhalt (★ Oberflächeninhalt Dreieckprismen (Erweiterung Oberflächeninhalt)); M7R-LB5-Volumen (★★ V = G·h Prismen (Erweiterung Volumen-Analogie)); M9R-LB4-5-Vielecke-Volumen (V = ⅓·G·h Pyramide/Kegel)"	LehrplanPLUS MS Bayern · M6 · LB4 + LB5 (kombinierte Karte) Oberflächen- + Rauminhalt Quader/Würfel | Realisierung: B4 §2 + B1 §4.2.5	MP_N18_Mathe_KE vorwissen M6 LB4-5 Anker Stufe2
Welche Sequenz-Skizze + welche Prinzipien trägt <b>M6-LB4-5-Quader-Volumen</b> (Oberflächeninhalt + Volumen von Würfeln + Quadern)?	<b>Sequenz:</b> Vollabdeckung LB4+LB5 Quader-Oberfläche + Volumen — 16 UE M6<br><i>Zwei Hauptverfahren: Oberflächeninhalt als Summe der Netz-Teilflächen + Volumen als Einheitswürfel-Auslegen (Spiralanker M5). EIS strikt: enaktiv (Würfelbauten, Auslegen) → ikonisch (Netz, Schrägbild) → symbolisch (Formel). Würfelbau-Aufgaben (3 Ansichten) als räumliches Vorstellen. Potenz-Schrei...</i><br><br><b>UE-Skizze:</b><br>• <b>UE 1:</b> Würfelbau nach Ansichten — räumliches Vorstellen <i>[Würfelbauten nach Schrägbildern/Ansichten bauen · enaktiv]</i><br>• <b>UE 2:</b> Volumen schätzen + messen <i>[Rauminhalte vergleichen / messen / schätzen · enaktiv]</i><br>• <b>UE 3:</b> Volumen als Einheitswürfel-Auslegen <i>[Rauminhaltsberechnung begründen durch Auslegen · enaktiv → ikonisch]</i><br>• <b>UE 4:</b> Volumenformel V = a·b·c herleiten <i>[Rauminhalt von Quadern begründen + berechnen · ikonisch → symbolisch]</i><br>• <b>UE 4+R:</b> Spaced-Retrieval (5 min) <i>[Volumenberechnung Quader · symbolisch (mental)]</i><br>• <b>UE 5:</b> Würfelvolumen V = a³ + Potenz-Notation <i>[Würfelvolumen + Potenz-Maßeinheiten beschreiben · symbolisch]</i><br>• <b>UE 6:</b> Übung Volumen Quader/Würfel (kompakt) <i>[Volumen Quader/Würfel berechnen · symbolisch]</i><br>• <b>UE 7:</b> Zusammengesetzte Volumen — Komposition <i>[Volumen zusammengesetzter Körper berechnen · ikonisch → symbolisch]</i><br>• <b>UE 8:</b> Oberflächeninhalt Quader — Netz als Summe <i>[Oberflächeninhalt von Quadern + Würfeln berechnen · ikonisch → symbolisch]</i><br>• <b>UE 9:</b> Übung Oberflächeninhalt (kompakt) <i>[Oberflächeninhalt berechnen · symbolisch]</i><br>• <b>UE 9+R:</b> Spaced-Retrieval (5 min) <i>[Volumen + Oberfläche Quader · symbolisch (mental)]</i><br>• <b>UE 10:</b> Oberflächeninhalt zusammengesetzter Körper <i>[Oberflächeninhalt zusammengesetzter Körper berechnen · ikonisch → symbolisch]</i><br>• <b>UE 11:</b> Kopfrechnen mit Einheitswürfel-Aufgaben <i>[Volumen mit Einheitswürfeln im Kopf · symbolisch (mental)]</i><br>• <b>UE 12:</b> Sachaufgaben — Verpackung + Lagerung <i>[Volumen + Oberfläche in Sachsituationen · symbolisch-anwendend]</i><br>• <b>UE 13:</b> Übung Sachaufgaben (kompakt) <i>[Sachaufgaben Volumen + Oberfläche · symbolisch-anwendend]</i><br>• <b>UE 14:</b> LNW-Vorbereitung <i>[alle KE · symbolisch]</i><br>• <b>UE 15:</b> Leistungsnachweis <i>[alle KE · symbolisch]</i><br>• <b>UE 16:</b> Fehleranalyse + Reflexion <i>[Fehler erkennen / verbessern · metakognitiv]</i><br><br><b>Prinzipien:</b><br>• <b>Spiralprinzip — Auslegen-Verfahren:</b> M5-LB4 Auslegen mit Einheitsquadraten wird in M6 auf Einheitswürfel erweitert (UE 3). Spirale Track 3 zentral. Anschluss zu M7-Prismen + M9-Pyramide. <i>(Spiralprinzip Track 3 + B5 §4)</i><br>• <b>EIS-Prinzip:</b> Einheitswürfel-Bauten (enaktiv UE 1+3) → Netze + Schrägbilder (ikonisch UE 8) → Formel (symbolisch UE 4+5). <i>(GB §3.4)</i><br>• <b>Operatives Prinzip — Komposition + Argumentation:</b> Volumen als Komposition (Schichten + Auslegen); Begründung über Auslegen als AFB-III-Pflicht (KE5 wörtlich). <i>(B1 §4.2 + Wittmann)</i><br>• <b>Räumliches Vorstellen + Darstellungen:</b> Würfelbau nach Ansichten (UE 1) + Netze (UE 8) + Schrägbilder als Darstellungs-Vielfalt. <i>(B5 §3)</i><br>• <b>Modellieren / Berufsorientierung:</b> UE 12 Verpackung/Lagerung als authentische Modellierung mit Berufsbezug. <i>(Fachprofil M §2.2 + §5)</i><br><br><b>Antwortgerüst-Anschluss:</b> Spiralprinzip, EIS-Prinzip, Operatives-Prinzip, Modellieren, Induktives-Vorgehen	LehrplanPLUS MS Bayern · M6 · LB4 + LB5 (kombinierte Karte) Oberflächen- + Rauminhalt Quader/Würfel | Realisierung: B4 §2 + B1 §4.2.5	MP_N18_Mathe_KE vorwissen M6 LB4-5 Anker Stufe3
Was sagt der LP+ in <b>M6-LB6-Arithmetisches-Mittel</b> (Datendarstellung + arithmetisches Mittel + Datenkritik (Vorform))?	Fundort: LehrplanPLUS MS Bayern · M6 · LB6 Daten<br><br>„entnehmen, ordnen und vergleichen Daten aus verschiedenen Quellen (z. B. Texte, Schaubilder, Tabellen), um Datendarstellungen kritisch zu betrachten.“ <i>(Operator: entnehmen / ordnen / vergleichen / kritisch betrachten, AFB II-III)</i><br><br>„stellen Daten auf verschiedene Arten situations- und adressatengerecht (z. B. in Tabellen, Diagrammen) dar und präsentieren sie.“ <i>(Operator: darstellen / präsentieren, AFB II)</i><br><br>„bestimmen aus Daten ihrer Lebenswelt (z. B. Körpergröße, Alter, Temperatur) das arithmetische Mittel als Durchschnittswert und reflektieren im Sachzusammenhang dessen Bedeutung und Aussagekraft.“ <i>(Operator: bestimmen / reflektieren, AFB II-III)</i><br><br><b>Prozessbez. Komp.:</b> Darstellungen verwenden · argumentieren · kommunizieren · modellieren<br><b>Gegenstandsbereiche:</b> Daten und Zufall	LehrplanPLUS MS Bayern · M6 · LB6 Daten | Realisierung: B7 §2 + LP+-Webfetch	MP_N18_Mathe_KE vorwissen M6 LB6 Anker Stufe1
Wie realisierst du <b>M6-LB6-Arithmetisches-Mittel</b> (Datendarstellung + arithmetisches Mittel + Datenkritik (Vorform))? Spiralanker?	"[idealtypisch] Sequenz „Daten erheben + darstellen + Mittelwert verstehen""<br><br><b>Verlauf:</b> Sequenz mit eigener Datenerhebung in der Klasse (Körpergröße, Wege zur Schule). Diagramm-Vielfalt (Säule, Balken, Tabelle) als Darstellungs-Schule. Arithmetisches Mittel + Reflexion seiner Aussagekraft (Vorform der Datenkritik). Spiralanker zu M7-LB6.<br><br><b>↑ Vorwissen:</b> M5-LB6-Daten-erste (Erste Datenerhebung + absolute Häufigkeit)<br><b>↓ Anschluss:</b> M7R-LB6-Statistik (★ Erweiterung um Median + Spannweite + Datenkritik AFB III); M7R-LB1-Prozent (Diagramm-Typen (Querbezug Prozent-Diagramme))"	LehrplanPLUS MS Bayern · M6 · LB6 Daten | Realisierung: B7 §2 + LP+-Webfetch	MP_N18_Mathe_KE vorwissen M6 LB6 Anker Stufe2
Welche Sequenz-Skizze + welche Prinzipien trägt <b>M6-LB6-Arithmetisches-Mittel</b> (Datendarstellung + arithmetisches Mittel + Datenkritik (Vorform))?	<b>Sequenz:</b> Vollabdeckung LB6 Daten + Mittelwert — 10 UE M6<br><i>Eigene Datenerhebung der Klasse (Körpergröße, Schuhgröße, Schulwege) als authentische Datengrundlage. Diagramm-Vielfalt als Darstellungs-Repertoire. Arithmetisches Mittel berechnen + reflektieren (Aussagekraft hinterfragen) — Vorform der M7-Datenkritik. Klafki-Anker: Datenkompetenz als Bildungsge...</i><br><br><b>UE-Skizze:</b><br>• <b>UE 1:</b> Klassenumfrage planen + durchführen <i>[(operativ — Datenquelle erschließen) · enaktiv]</i><br>• <b>UE 2:</b> Daten ordnen + Tabelle erstellen <i>[Daten ordnen / in Tabellen darstellen · ikonisch]</i><br>• <b>UE 3:</b> Säulen-/Balkendiagramm erstellen <i>[Daten in Diagrammen darstellen · ikonisch]</i><br>• <b>UE 4:</b> Diagramm-Typ wählen — situations-/adressatengerecht <i>[Daten adressatengerecht darstellen · ikonisch]</i><br>• <b>UE 4+R:</b> Spaced-Retrieval (5 min) <i>[Daten ordnen + Diagramm zeichnen · ikonisch]</i><br>• <b>UE 5:</b> Daten aus externen Quellen entnehmen <i>[Daten aus verschiedenen Quellen entnehmen + kritisch betrachten · ikonisch-reflexiv]</i><br>• <b>UE 6:</b> Arithmetisches Mittel berechnen + verbalisieren <i>[Arithmetisches Mittel bestimmen · symbolisch]</i><br>• <b>UE 7:</b> Mittelwert reflektieren — Aussagekraft <i>[Bedeutung + Aussagekraft des Mittelwerts reflektieren · symbolisch-reflexiv]</i><br>• <b>UE 8:</b> Übung Daten + Mittelwert (kompakt) <i>[Daten darstellen + Mittelwert bestimmen + reflektieren · ikonisch + symbolisch]</i><br>• <b>UE 9:</b> Gruppenpräsentation — Daten + Diagramm <i>[Daten präsentieren + reflektieren · kommunikativ]</i><br>• <b>UE 10:</b> LNW (Probe + Präsentationsbewertung) <i>[alle KE · symbolisch]</i><br><br><b>Prinzipien:</b><br>• <b>Modellieren + Beziehungshaltigkeit:</b> Eigene Klassendaten (UE 1) als authentische Modellierungsgrundlage. Mittelwert als Modell-Aussage. <i>(Fachprofil M §2.2 + Weigand §4)</i><br>• <b>Darstellungen verwenden + Sprachsensibler MU:</b> Diagramm-Vielfalt (UE 3-4) + Mittelwert-Verbalisierung (UE 6). Wortspeicher für DaZ. <i>(Fachprofil M §2.2 + LP+ §4)</i><br>• <b>Spiralprinzip — Datenkritik-Vorform:</b> Mittelwert-Reflexion (UE 7) ist Vorform der M7-LB6-Datenkritik (Median + Spannweite + Manipulation). <i>(Spiralprinzip Track 4)</i><br>• <b>Veränderte Leistungsmessung:</b> UE 9 Präsentation + Peer-Feedback als alternatives Leistungsformat (Weigand §6). <i>(Weigand §6)</i><br>• <b>Medienbildung (ÜBZ):</b> UE 5 Daten aus externen Quellen entnehmen — Vorform der kritischen Mediendaten-Bewertung. <i>(LP+ §5 ÜBZ)</i><br><br><b>Antwortgerüst-Anschluss:</b> Modellieren, Leistungsmessung, Differenzierung, Spiralprinzip	LehrplanPLUS MS Bayern · M6 · LB6 Daten | Realisierung: B7 §2 + LP+-Webfetch	MP_N18_Mathe_KE vorwissen M6 LB6 Anker Stufe3
Was sagt der LP+ in <b>M9R-LB2-Potenzen</b> (Zehnerpotenz-Schreibweise + Vorsilben Nano–Peta)?	Fundort: LehrplanPLUS MS Bayern · M9R · LB2 Potenzen<br><br>„stellen Zahlen sowohl in Dezimal- als auch in Zehnerpotenzschreibweise (auch mit negativem Exponenten) dar, vergleichen und ordnen sie.“ <i>(Operator: darstellen / vergleichen / ordnen, AFB II)</i><br><br>„verwenden Zahlen in Zehnerpotenzschreibweise zur Lösung von Aufgaben in Sachsituationen (vorwiegend Maßzahlen) unter Anwendung der Grundrechenarten.“ <i>(Operator: verwenden / lösen, AFB II-III)</i><br><br>„nutzen Zehnerpotenzen mit positiven und negativen Exponenten sowie die Vorsilben (Nano- bis Peta-) bestimmter Zehnerpotenzen (von 10⁻⁹ bis 10¹⁵).“ <i>(Operator: nutzen, AFB II)</i><br><br><b>Prozessbez. Komp.:</b> mit symbolischen, formalen und technischen Elementen umgehen · modellieren · Darstellungen verwenden · kommunizieren<br><b>Gegenstandsbereiche:</b> Zahlen und Operationen · Größen und Messen	LehrplanPLUS MS Bayern · M9R · LB2 Potenzen | Realisierung: B3 §2 + Fachprofil M §4 (NW-Kooperation)	MP_N18_Mathe_KE anschluss M9R LB2 Anker Stufe1
Wie realisierst du <b>M9R-LB2-Potenzen</b> (Zehnerpotenz-Schreibweise + Vorsilben Nano–Peta)? Spiralanker?	"[idealtypisch] Sequenz „Sehr große + sehr kleine Zahlen — Zehnerpotenzen""<br><br><b>Verlauf:</b> Sequenz mit zentraler Verbindung zu Naturwissenschaften (Lichtjahre, Atomgrößen, Bakterienzahl) — fächerübergreifend. Vorsilben Nano bis Peta als Einheiten-Praxis (Berufsorientierung Technik). Spiralanker M6-V=a³ (erste Potenz) + Stellenwertsystem.<br><br><b>↑ Vorwissen:</b> M6-LB4-5-Quader-Volumen (Erste Potenz-Erfahrung V = a³ + Maßeinheiten als Potenzen); M5-LB1-Grundrechenarten (Stellenwertsystem ℕ — Basis für Zehnerpotenzen); M6-LB1-1-Bruch-Dezimal-Prozent (Dezimalbrüche mit Zehnerpotenzen im Nenner)<br><b>↓ Anschluss:</b> M10-Quadratische-Funktionen ((idealtypisch) Quadratische Funktionen + weitere Potenz-Anwendungen)"	LehrplanPLUS MS Bayern · M9R · LB2 Potenzen | Realisierung: B3 §2 + Fachprofil M §4 (NW-Kooperation)	MP_N18_Mathe_KE anschluss M9R LB2 Anker Stufe2
Welche Sequenz-Skizze + welche Prinzipien trägt <b>M9R-LB2-Potenzen</b> (Zehnerpotenz-Schreibweise + Vorsilben Nano–Peta)?	<b>Sequenz:</b> Vollabdeckung LB2 Potenzen — 10 UE M9R<br><i>Potenz-Schreibweise als kompakte Darstellung für sehr große (Astronomie, Bevölkerung) und sehr kleine (Atomgrößen, Bakterien) Zahlen. Sachkontexte aus NW + Beruf (Datenmengen Gigabyte/Terabyte). Spiralanker M6-Volumen + M6-Dezimalbrüche.</i><br><br><b>UE-Skizze:</b><br>• <b>UE 1:</b> Sehr große Zahlen — Astronomie + Bevölkerung <i>[(Motivation) · ikonisch]</i><br>• <b>UE 2:</b> Zehnerpotenz-Schreibweise positive Exponenten <i>[Zahlen in Zehnerpotenzschreibweise darstellen · symbolisch]</i><br>• <b>UE 3:</b> Sehr kleine Zahlen — negative Exponenten <i>[Zehnerpotenzen mit negativen Exponenten nutzen · ikonisch → symbolisch]</i><br>• <b>UE 4:</b> Übung Schreibweisen-Wechsel (kompakt) <i>[Zahlen darstellen / vergleichen / ordnen · symbolisch]</i><br>• <b>UE 4+R:</b> Spaced-Retrieval (5 min) <i>[Schreibweisen-Wechsel · symbolisch (mental)]</i><br>• <b>UE 5:</b> Vorsilben Nano–Peta <i>[Vorsilben Nano–Peta nutzen · symbolisch]</i><br>• <b>UE 6:</b> Sachaufgaben mit Zehnerpotenzen + Vorsilben <i>[Zehnerpotenzen in Sachsituationen anwenden + Vorsilben nutzen · symbolisch-anwendend]</i><br>• <b>UE 7:</b> Übung Sachaufgaben (kompakt) <i>[Zehnerpotenzen anwenden · symbolisch-anwendend]</i><br>• <b>UE 8:</b> LNW-Vorbereitung + Anwendung NW <i>[alle KE · symbolisch]</i><br>• <b>UE 9:</b> Leistungsnachweis <i>[alle KE · symbolisch]</i><br>• <b>UE 10:</b> Fehleranalyse + Reflexion <i>[Fehler erkennen / verbessern · metakognitiv]</i><br><br><b>Prinzipien:</b><br>• <b>Spiralprinzip:</b> Spiralanker M6-V=a³ + Stellenwertsystem M5; Erweiterung des Zahlen-Repertoires auf Potenzschreibweise. <i>(Spiralprinzip Track 1)</i><br>• <b>Beziehungshaltigkeit + Modellieren:</b> Astronomie + Atomgrößen + Bakterien + Speicher als authentische Sachkontexte (UE 1, 3, 5, 6). <i>(Weigand §4 + Fachprofil M §2.2)</i><br>• <b>Fachübergreifende Zusammenarbeit:</b> NW-Kooperation (Physik/Chemie/Biologie) als Pflicht-Praxis (Fachprofil §4). UE 8 als Anwendungs-UE. <i>(Fachprofil M §4)</i><br>• <b>Berufsorientierung (ÜBZ):</b> Vorsilben + Maßeinheiten als technische Praxis (IT-Speicher, Elektronik-Frequenzen). <i>(Fachprofil M §5)</i><br><br><b>Antwortgerüst-Anschluss:</b> Spiralprinzip, Modellieren, Differenzierung	LehrplanPLUS MS Bayern · M9R · LB2 Potenzen | Realisierung: B3 §2 + Fachprofil M §4 (NW-Kooperation)	MP_N18_Mathe_KE anschluss M9R LB2 Anker Stufe3
Was sagt der LP+ in <b>M9R-LB3-Pythagoras</b> (Satz des Pythagoras + Pyramide + Kegel)?	Fundort: LehrplanPLUS MS Bayern · M9R · LB3 Geometrische Figuren + Körper<br><br>„beschreiben rechtwinklige Dreiecke unter Verwendung von Fachbegriffen (Hypotenuse, Kathete) und erkennen diese in ihrer Umwelt sowie als Teilfiguren bereits bekannter geometrischer Figuren.“ <i>(Operator: beschreiben / erkennen, AFB II)</i><br><br>„erläutern den Satz des Pythagoras sowie seine Umkehrung und geben ihn mit verschiedenen Seitenvariablen an, um den Satz in unterschiedlichen Situationen anwenden zu können.“ <i>(Operator: erläutern / angeben, AFB II-III)</i><br><br>„berechnen mithilfe des Satzes des Pythagoras fehlende Seitenlängen im rechtwinkligen Dreieck und überprüfen, ob Dreiecke rechtwinklig sind.“ <i>(Operator: berechnen / überprüfen, AFB II-III)</i><br><br>„beschreiben Eigenschaften von regelmäßigen Vielecken und zeigen diese an Beispielen. Sie zerlegen regelmäßige Vielecke in deckungsgleiche, gleichschenklige Dreiecke.“ <i>(Operator: beschreiben / zeigen / zerlegen, AFB II-III)</i><br><br>„berechnen Mittelpunktswinkel und Umfänge von regelmäßigen Vielecken.“ <i>(Operator: berechnen, AFB II)</i><br><br>„beschreiben Eigenschaften von geraden Pyramiden (Grundfläche: Quadrat, Rechteck, Dreieck oder regelmäßiges Vieleck) sowie geraden Kegeln an Modellen, an Schrägbildern und an Körpern im Alltag.“ <i>(Operator: beschreiben, AFB II)</i><br><br>„erstellen Schrägbildskizzen von geraden Pyramiden sowie geraden Kegeln.“ <i>(Operator: erstellen, AFB II)</i><br><br><b>Prozessbez. Komp.:</b> argumentieren · Probleme lösen · Darstellungen verwenden · mit symbolischen, formalen und technischen Elementen umgehen<br><b>Gegenstandsbereiche:</b> Raum und Form · Größen und Messen	LehrplanPLUS MS Bayern · M9R · LB3 Geometrische Figuren + Körper | Realisierung: B5 §4 + Geometriedidaktik Weigand	MP_N18_Mathe_KE anschluss M9R LB3 Anker Stufe1
Wie realisierst du <b>M9R-LB3-Pythagoras</b> (Satz des Pythagoras + Pyramide + Kegel)? Spiralanker?	"[idealtypisch] Sequenz „Pythagoras + Pyramide/Kegel — Höhepunkt Geometrie""<br><br><b>Verlauf:</b> Sequenz mit Pythagoras-Satz als Höhepunkt der Schulgeometrie. Beweis-Anschauung über Zerlegungs-Modell (Pythagoras-Puzzle). Anwendungen in Alltag + Beruf (Treppe steigen, Stahlträger, Konstruktion). Pyramide/Kegel-Einführung als Vorbereitung M9R-LB5 (Volumen).<br><br><b>↑ Vorwissen:</b> M7R-LB3-Geometrie-Konstruktion (★ Dreiecks-Klassifikation + Konstruktion + Prismen); M7R-LB4-Flaecheninhalt (Zerlegungs-Strategie (Vielecke in Dreiecke)); M6-LB3-Vierecke-Koerper (Körper benennen + Schrägbilder)<br><b>↓ Anschluss:</b> M9R-LB4-5-Vielecke-Volumen (★ Vielecks-Flächen + Pyramide/Kegel-Volumen)"	LehrplanPLUS MS Bayern · M9R · LB3 Geometrische Figuren + Körper | Realisierung: B5 §4 + Geometriedidaktik Weigand	MP_N18_Mathe_KE anschluss M9R LB3 Anker Stufe2
Welche Sequenz-Skizze + welche Prinzipien trägt <b>M9R-LB3-Pythagoras</b> (Satz des Pythagoras + Pyramide + Kegel)?	"<b>Sequenz:</b> Vollabdeckung LB3 Pythagoras + Pyramide/Kegel — 18 UE M9R<br><i>Pythagoras-Satz als Höhepunkt der MS-Geometrie. Anschaulicher Beweis über Zerlegungs-Modell (Pythagoras-Puzzle). Verschiedene Seitenvariablen-Notation (KE2 wörtlich) als Variabilität-Schule. Anwendungen in Beruf (Treppe, Statik). Pyramide/Kegel-Eigenschaften + Schrägbild als Vorbereitung LB5-Volu...</i><br><br><b>UE-Skizze:</b><br>• <b>UE 1:</b> Rechtwinklige Dreiecke + Fachbegriffe (Hypotenuse, Kathete) <i>[rechtwinklige Dreiecke beschreiben / Fachbegriffe · ikonisch]</i><br>• <b>UE 2:</b> Pythagoras-Beweis über Zerlegung (Pythagoras-Puzzle) <i>[Pythagoras-Satz erläutern · enaktiv → ikonisch]</i><br>• <b>UE 3:</b> Satz formal + verschiedene Seitenvariablen <i>[Pythagoras mit verschiedenen Variablen angeben · symbolisch]</i><br>• <b>UE 4:</b> Anwendung — Hypotenuse berechnen <i>[fehlende Seitenlängen berechnen · symbolisch]</i><br>• <b>UE 4+R:</b> Spaced-Retrieval (5 min) <i>[Pythagoras-Satz + Hypotenuse berechnen · symbolisch (mental)]</i><br>• <b>UE 5:</b> Kathete berechnen (Umkehrung) <i>[fehlende Seitenlängen berechnen (Reversibilität) · symbolisch]</i><br>• <b>UE 6:</b> Übung Berechnungen (kompakt) <i>[fehlende Seitenlängen berechnen · symbolisch]</i><br>• <b>UE 7:</b> Umkehrung Pythagoras — rechtwinkligkeit prüfen <i>[Pythagoras-Umkehrung erläutern + überprüfen · symbolisch-reflexiv]</i><br>• <b>UE 8:</b> Sachaufgaben — Beruf + Alltag <i>[Pythagoras in Sachsituationen anwenden · symbolisch-anwendend]</i><br>• <b>UE 9:</b> Übung Sachaufgaben (kompakt) <i>[Pythagoras anwenden · symbolisch-anwendend]</i><br>• <b>UE 9+R:</b> Spaced-Retrieval (5 min) <i>[Pythagoras anwenden + Umkehrung · symbolisch (mental)]</i><br>• <b>UE 10:</b> Regelmäßige Vielecke — Eigenschaften + Zerlegung <i>[regelmäßige Vielecke beschreiben + zerlegen · ikonisch]</i><br>• <b>UE 11:</b> Mittelpunktswinkel + Umfang Vielecke <i>[Mittelpunktswinkel + Umfänge berechnen · symbolisch]</i><br>• <b>UE 12:</b> Pyramide-Eigenschaften an Modellen <i>[Pyramiden beschreiben · enaktiv → ikonisch]</i><br>• <b>UE 13:</b> Kegel-Eigenschaften + Vergleich Pyramide <i>[Kegel beschreiben · enaktiv → ikonisch]</i><br>• <b>UE 14:</b> Schrägbild-Skizzen Pyramide + Kegel <i>[Schrägbildskizzen erstellen · ikonisch]</i><br>• <b>UE 15:</b> Übung Pyramide/Kegel + Vielecke (kompakt) <i>[Pyramide/Kegel beschreiben + Vielecke berechnen · ikonisch + symbolisch]</i><br>• <b>UE 16:</b> LNW-Vorbereitung <i>[alle KE · symbolisch]</i><br>• <b>UE 17:</b> Leistungsnachweis <i>[alle KE · symbolisch]</i><br>• <b>UE 18:</b> Fehleranalyse + Reflexion <i>[Fehler erkennen / verbessern · metakognitiv]</i><br><br><b>Prinzipien:</b><br>• <b>Spiralprinzip:</b> Anschluss M7-LB3 (Dreieck) + LB4 (Zerlegung) + M6-LB3 (Körper); Höhepunkt der Geometrie-Spirale Track 3. <i>(Spiralprinzip Track 3)</i><br>• <b>EIS-Prinzip + Pythagoras-Puzzle:</b> Karton-Puzzle (enaktiv UE 2) → Skizze (ikonisch UE 3) → Formel (symbolisch UE 4). Argumentations-Pflicht über Anschauung. <i>(GB §3.4 + Weigand §7)</i><br>• <b>Operatives Prinzip — Variabilität + Reversibilität:</b> Verschiedene Seitenvariablen (UE 3 wörtlich KE2), Umkehrung Pythagoras (UE 7). <i>(B1 §4.2)</i><br>• <b>Modellieren + Berufsorientierung:</b> UE 8 Sachaufgaben Treppe/Stahlträger/Bildschirm-Diagonale als authentische Anwendung. <i>(Fachprofil M §2.2 + §5)</i><br>• <b>Argumentieren AFB III:</b> KE2 wörtlich „erläutern"" + KE3 „überprüfen, ob Dreiecke rechtwinklig sind"" (Umkehrung) — AFB-III-Pflicht. <i>(Fachprofil M §2.2)</i><br><br><b>Antwortgerüst-Anschluss:</b> EIS-Prinzip, Operatives-Prinzip, Spiralprinzip, Modellieren, Problemloesen-Polya"	LehrplanPLUS MS Bayern · M9R · LB3 Geometrische Figuren + Körper | Realisierung: B5 §4 + Geometriedidaktik Weigand	MP_N18_Mathe_KE anschluss M9R LB3 Anker Stufe3
Was sagt der LP+ in <b>M9R-LB4-5-Vielecke-Volumen</b> (Flächeninhalt regelmäßige Vielecke + Volumen Pyramide/Kegel (V = ⅓·G·h))?	Fundort: LehrplanPLUS MS Bayern · M9R · LB4 + LB5 (kombiniert) Flächeninhalt + Volumen<br><br>„begründen die Flächeninhaltsberechnung von regelmäßigen Vielecken anschaulich, indem sie die ihnen bekannten Problemlösestrategien zur Flächeninhaltsmessung durchführen (z. B. Zerlegen eines regelmäßigen Vielecks in gleichschenklige Dreiecke).“ <i>(Operator: begründen, AFB III)</i><br><br>„ermitteln den Flächeninhalt komplexer zusammengesetzter Figuren in sachbezogenen und berufsorientierenden Aufgaben durch Zerlegen und Ergänzen in berechenbare Teilfiguren.“ <i>(Operator: ermitteln, AFB II-III)</i><br><br>„beschreiben die Volumenberechnung regelmäßiger gerader Prismen (Grundfläche: regelmäßige Vielecke), indem sie die Analogie V = G · hk nutzen.“ <i>(Operator: beschreiben / nutzen, AFB II-III)</i><br><br>„beschreiben den Zusammenhang zwischen dem Volumen eines spitzen und eines geraden Körpers mit jeweils gleicher Grundfläche und Höhe, um die Formel zur Berechnung des Volumens von Pyramide und Kegel (V = ⅓ · G · hk) herzuleiten.“ <i>(Operator: beschreiben / herleiten, AFB III)</i><br><br>„berechnen Volumina gerader Pyramiden (Grundfläche: regelmäßige Vielecke), gerader Kegel und zusammengesetzter Körper.“ <i>(Operator: berechnen, AFB II)</i><br><br><b>Prozessbez. Komp.:</b> argumentieren · Probleme lösen · modellieren · Darstellungen verwenden · mit symbolischen, formalen und technischen Elementen umgehen<br><b>Gegenstandsbereiche:</b> Raum und Form · Größen und Messen	LehrplanPLUS MS Bayern · M9R · LB4 + LB5 (kombiniert) Flächeninhalt + Volumen | Realisierung: B5 §4 + Geometriedidaktik	MP_N18_Mathe_KE anschluss M9R LB4-5 Anker Stufe1
Wie realisierst du <b>M9R-LB4-5-Vielecke-Volumen</b> (Flächeninhalt regelmäßige Vielecke + Volumen Pyramide/Kegel (V = ⅓·G·h))? Spiralanker?	"[idealtypisch] Sequenz „Zerlegen + Analogien — Vielecke + Pyramide/Kegel""<br><br><b>Verlauf:</b> Sequenz mit zentralem operativem Verfahren Zerlegen + Analogie. KE3 + KE4 wörtlich „nutzen Analogie"" + „herleiten"" — operatives Argumentations-Niveau AFB III. Pyramide/Kegel-Volumen via 3-Pyramiden-Modell (drei kongruente Pyramiden = 1 Prisma → ⅓·G·h).<br><br><b>↑ Vorwissen:</b> M7R-LB4-Flaecheninhalt (★ Zerlegungs-Strategie + Parallelogramm-/Dreieck-Flächen); M7R-LB5-Volumen (★★ V = G·h Prismen (direkter Vorgänger)); M9R-LB3-Pythagoras (Vielecks-Zerlegung in gleichschenklige Dreiecke)<br><b>↓ Anschluss:</b> M10-Kugel-Volumen ((idealtypisch) Kugel V = (4/3)πr³ als finale Volumenformel)"	LehrplanPLUS MS Bayern · M9R · LB4 + LB5 (kombiniert) Flächeninhalt + Volumen | Realisierung: B5 §4 + Geometriedidaktik	MP_N18_Mathe_KE anschluss M9R LB4-5 Anker Stufe2
Welche Sequenz-Skizze + welche Prinzipien trägt <b>M9R-LB4-5-Vielecke-Volumen</b> (Flächeninhalt regelmäßige Vielecke + Volumen Pyramide/Kegel (V = ⅓·G·h))?	"<b>Sequenz:</b> Vollabdeckung LB4+LB5 Vielecke + Pyramide/Kegel — 14 UE M9R<br><i>Zerlegungs-Verfahren als Spirale-Konstante (M5-Rechteck → M7-Dreieck → M9-Vielecke). Analogie V = G·h auf regelmäßige Vielecks-Prismen erweitert + Pyramide/Kegel über ⅓-Faktor (3-Pyramiden-Modell als enaktive Begründung). Operatives Argumentations-Niveau AFB III.</i><br><br><b>UE-Skizze:</b><br>• <b>UE 1:</b> Regelmäßige Vielecke zerlegen — Spiralanker <i>[Vielecks-Flächeninhalt begründen durch Zerlegung · enaktiv → ikonisch]</i><br>• <b>UE 2:</b> Vielecks-Flächeninhalt berechnen <i>[Vielecks-Flächeninhalt begründen + berechnen · symbolisch]</i><br>• <b>UE 3:</b> Komplexe zusammengesetzte Figuren — Beruf <i>[Zusammengesetzte Figuren-Flächeninhalt ermitteln · symbolisch-anwendend]</i><br>• <b>UE 4:</b> Übung Vielecke + zusammengesetzte (kompakt) <i>[Vielecke + zusammengesetzte berechnen · symbolisch-anwendend]</i><br>• <b>UE 4+R:</b> Spaced-Retrieval (5 min) <i>[Vielecks-Flächeninhalt · symbolisch (mental)]</i><br>• <b>UE 5:</b> Vielecks-Prismen-Volumen V = G·h <i>[Vielecks-Prismen-Volumen beschreiben + nutzen · symbolisch]</i><br>• <b>UE 6:</b> 3-Pyramiden-Modell — V = ⅓·G·h herleiten <i>[Pyramide-Volumen herleiten · enaktiv → symbolisch]</i><br>• <b>UE 7:</b> Pyramide-Volumen berechnen <i>[Pyramide-Volumen berechnen · symbolisch]</i><br>• <b>UE 8:</b> Kegel-Volumen — Analogie zu Pyramide <i>[Kegel-Volumen berechnen · symbolisch]</i><br>• <b>UE 8+R:</b> Spaced-Retrieval (5 min) <i>[Pyramide + Kegel-Volumen · symbolisch (mental)]</i><br>• <b>UE 9:</b> Übung Pyramide + Kegel (kompakt) <i>[Pyramide + Kegel-Volumen berechnen · symbolisch]</i><br>• <b>UE 10:</b> Zusammengesetzte Körper Volumen <i>[Volumina zusammengesetzter Körper berechnen · symbolisch-anwendend]</i><br>• <b>UE 11:</b> Sachaufgaben + Berufsbezug <i>[Volumina in Sachsituationen · symbolisch-anwendend]</i><br>• <b>UE 12:</b> LNW-Vorbereitung <i>[alle KE · symbolisch]</i><br>• <b>UE 13:</b> Leistungsnachweis <i>[alle KE · symbolisch]</i><br>• <b>UE 14:</b> Reflexion + Spiralrückblick <i>[Fehler erkennen + Spirale reflektieren · metakognitiv]</i><br><br><b>Prinzipien:</b><br>• <b>Spiralprinzip — Höhepunkt Geometrie-Track:</b> Zerlegungs- + Analogie-Verfahren als spirale Konstanten von M5 (Auslegen) bis M9 (V = ⅓·G·h). Track 3 Höhepunkt. <i>(Spiralprinzip Track 3)</i><br>• <b>Operatives Prinzip — Analogie + Komposition:</b> Analogie V = G·h auf Vielecks-Prismen + Pyramide ⅓-Faktor als operatives Argumentations-Werkzeug. <i>(B1 §4.2)</i><br>• <b>EIS-Prinzip:</b> 3-Pyramiden-Modell (enaktiv UE 6) → Schrägbild (ikonisch) → Formel (symbolisch UE 7). Vollständige EIS für ⅓-Begründung. <i>(GB §3.4)</i><br>• <b>Argumentieren AFB III:</b> KE1 + KE4 wörtlich „begründen"" + „herleiten"" — AFB-III-Pflicht über die ⅓-Analogie. <i>(Fachprofil M §2.2)</i><br>• <b>Modellieren + Berufsorientierung:</b> UE 3 + 10 + 11 mit Tischler/Architekt/Dachdecker-Bezug; Berufsorientierung als ÜBZ. <i>(Fachprofil M §5)</i><br><br><b>Antwortgerüst-Anschluss:</b> Spiralprinzip, Operatives-Prinzip, EIS-Prinzip, Modellieren, Induktives-Vorgehen"	LehrplanPLUS MS Bayern · M9R · LB4 + LB5 (kombiniert) Flächeninhalt + Volumen | Realisierung: B5 §4 + Geometriedidaktik	MP_N18_Mathe_KE anschluss M9R LB4-5 Anker Stufe3
Was sagt der LP+ in <b>M9R-LB6-Wahrscheinlichkeiten</b> (Laplace-Wahrscheinlichkeiten + Gegenereignis)?	Fundort: LehrplanPLUS MS Bayern · M9R · LB6 Wahrscheinlichkeiten<br><br>„fassen mögliche Ergebnisse von Laplace-Experimenten in Ergebnismengen zusammen und formulieren mögliche Ereignisse (z. B. Würfeln gerader oder ungerader Zahlen).“ <i>(Operator: zusammenfassen / formulieren, AFB II)</i><br><br>„bestimmen bei Laplace-Experimenten die Anzahlen günstiger und möglicher Ergebnisse und stellen das Verhältnis der günstigen zu den möglichen Ergebnissen anschaulich (z. B. Baumdiagramme, Strichlisten) und in Bruch- und Prozentschreibweise (Wahrscheinlichkeit) dar.“ <i>(Operator: bestimmen / darstellen, AFB II-III)</i><br><br>„bestimmen und beschreiben zu Ereignissen Gegenereignisse und berechnen deren Wahrscheinlichkeit.“ <i>(Operator: bestimmen / beschreiben / berechnen, AFB II-III)</i><br><br>„beurteilen Chancen bei Laplace-Experimenten, indem sie die Wahrscheinlichkeiten von Ereignis und Gegenereignis vergleichen.“ <i>(Operator: beurteilen / vergleichen, AFB III)</i><br><br><b>Prozessbez. Komp.:</b> argumentieren · Probleme lösen · modellieren · Darstellungen verwenden<br><b>Gegenstandsbereiche:</b> Daten und Zufall	LehrplanPLUS MS Bayern · M9R · LB6 Wahrscheinlichkeiten | Realisierung: B7 §2	MP_N18_Mathe_KE anschluss M9R LB6 Anker Stufe1
Wie realisierst du <b>M9R-LB6-Wahrscheinlichkeiten</b> (Laplace-Wahrscheinlichkeiten + Gegenereignis)? Spiralanker?	"[idealtypisch] Sequenz „Laplace + Gegenereignis — Wahrscheinlichkeit als Anteil""<br><br><b>Verlauf:</b> Sequenz mit zentralem Modell Laplace (Anzahl günstiger / Anzahl möglicher). Würfel + Lostrommel + Glücksrad als enaktive Zufallsmaschinen. Bruch/Prozent als Darstellung der Wahrscheinlichkeit (Spiralanker M7-LB1). Gegenereignis als operative Komplementär-Bildung. Klafki-Mündigkeit über Spiel-Wahrscheinlichkeiten + Lotto-Kritik.<br><br><b>↑ Vorwissen:</b> M7R-LB6-Statistik (★ Kennwerte + Datenkritik + relative Häufigkeit (Vorform)); M8-LB6-Zufallsexperimente (Zufallsexperimente + relative Häufigkeit + Gesetz der großen Zahl); M7R-LB1-Prozent (Prozent-Darstellung (Bruch ↔ Prozent — Wahrscheinlichkeit als Anteil))<br><b>↓ Anschluss:</b> M10-Stochastik ((idealtypisch) Erwartungswert + zusammengesetzte Wahrscheinlichkeiten)"	LehrplanPLUS MS Bayern · M9R · LB6 Wahrscheinlichkeiten | Realisierung: B7 §2	MP_N18_Mathe_KE anschluss M9R LB6 Anker Stufe2
Welche Sequenz-Skizze + welche Prinzipien trägt <b>M9R-LB6-Wahrscheinlichkeiten</b> (Laplace-Wahrscheinlichkeiten + Gegenereignis)?	<b>Sequenz:</b> Vollabdeckung LB6 Laplace-Wahrscheinlichkeiten — 12 UE M9R<br><i>Laplace-Modell als zentrales Anschauungs-Werkzeug. Würfel + Münze + Glücksrad + Karten als enaktive Zufallsmaschinen. Wahrscheinlichkeit als Anteil (Bruch + Prozent) — Spiralanker M7-LB1. Gegenereignis als operative Komplementär-Bildung. Klafki-Mündigkeit über Spielsucht-Reflexion + Lotto-Wahrsch...</i><br><br><b>UE-Skizze:</b><br>• <b>UE 1:</b> Zufallsexperiment + Ergebnismenge <i>[Ergebnisse zusammenfassen + Ereignisse formulieren · enaktiv → ikonisch]</i><br>• <b>UE 2:</b> Günstige + mögliche Ergebnisse — Laplace-Modell <i>[Anzahlen günstiger + möglicher Ergebnisse bestimmen · enaktiv → symbolisch]</i><br>• <b>UE 3:</b> Wahrscheinlichkeit als Bruch + Prozent <i>[Wahrscheinlichkeit in Bruch- + Prozentschreibweise · symbolisch]</i><br>• <b>UE 4:</b> Baumdiagramm als Darstellung <i>[Wahrscheinlichkeit darstellen mit Baumdiagrammen · ikonisch]</i><br>• <b>UE 4+R:</b> Spaced-Retrieval (5 min) <i>[Wahrscheinlichkeit als Anteil + Baum · symbolisch (mental)]</i><br>• <b>UE 5:</b> Übung Laplace (kompakt) <i>[Laplace-Wahrscheinlichkeit bestimmen + darstellen · symbolisch]</i><br>• <b>UE 6:</b> Gegenereignis bestimmen + Wahrscheinlichkeit berechnen <i>[Gegenereignisse bestimmen + Wahrscheinlichkeit berechnen · symbolisch]</i><br>• <b>UE 7:</b> Übung Gegenereignis (kompakt) <i>[Gegenereignisse berechnen · symbolisch]</i><br>• <b>UE 8:</b> Chancen beurteilen — Vergleich P(Ereignis) vs. P(Gegenereignis) <i>[Chancen beurteilen · symbolisch-reflexiv]</i><br>• <b>UE 8+R:</b> Spaced-Retrieval (5 min) <i>[Laplace + Gegenereignis · symbolisch (mental)]</i><br>• <b>UE 9:</b> Vermischte Übung + Klafki-Anker <i>[alle KE · symbolisch-reflexiv]</i><br>• <b>UE 10:</b> LNW-Vorbereitung <i>[alle KE · symbolisch]</i><br>• <b>UE 11:</b> Leistungsnachweis <i>[alle KE · symbolisch]</i><br>• <b>UE 12:</b> Reflexion + Glücksspiel-Diskussion <i>[Chancen beurteilen + Mündigkeits-Anker · metakognitiv]</i><br><br><b>Prinzipien:</b><br>• <b>Spiralprinzip:</b> Anschluss M7-LB6 (Datenkritik) + M7-LB1 (Bruch ↔ Prozent) + M8-LB6 (relative Häufigkeit). Vorbereitung M10-Stochastik. Track 4. <i>(Spiralprinzip Track 4)</i><br>• <b>Operatives Prinzip — Reversibilität + Komplementär:</b> Gegenereignis als P(Gegenereignis) = 1 − P(Ereignis) als operatives Komplement. <i>(B1 §4.2)</i><br>• <b>Modellieren:</b> Laplace-Modell als Modellierung von Zufallsprozessen; UE 8 + 9 + 12 mit realen Anwendungen (Lotto, Versicherung). <i>(Fachprofil M §2.2)</i><br>• <b>Mündigkeit / Klafki-Schlüsselproblem:</b> Glücksspiel-Reflexion (UE 8 + 12) als didaktisch eigenständige Bildungsleistung — Verantwortung + Sucht-Prävention. <i>(Klafki 1985/1996)</i><br>• <b>Darstellungen verwenden:</b> Bruch + Prozent + Baumdiagramm + Strichliste als Mehrfach-Darstellung der Wahrscheinlichkeit. <i>(Fachprofil M §2.2)</i><br><br><b>Antwortgerüst-Anschluss:</b> Spiralprinzip, Modellieren, Leistungsmessung, Aktualitaet-Lebensweltbezug	LehrplanPLUS MS Bayern · M9R · LB6 Wahrscheinlichkeiten | Realisierung: B7 §2	MP_N18_Mathe_KE anschluss M9R LB6 Anker Stufe3
Was sagt der LP+ in <b>M9R-LB7-Komplexe-Gleichungen</b> (Komplexe Gleichungen + Formeln umstellen)?	Fundort: LehrplanPLUS MS Bayern · M9R · LB7 Gleichungen<br><br>„setzen aus Sachzusammenhängen und Zahlenrätseln komplexe Gleichungen mit einer Variablen (z. B. Gleichungen mit Klammern, Brüchen, mehrmals auftretender Variablen) an, lösen diese mithilfe von Äquivalenzumformungen und begründen ihre Lösungswege.“ <i>(Operator: ansetzen / lösen / begründen, AFB III)</i><br><br>„lösen lineare Gleichungen mit Brüchen (Variable nur im Zähler), auch zu Sachsituationen (z. B. Mischungsaufgaben).“ <i>(Operator: lösen, AFB II-III)</i><br><br>„setzen Werte in mathematische Formeln ein (z. B. Flächeninhalts- und Volumenformeln, Formeln aus den Naturwissenschaften), finden fehlende Werte durch Äquivalenzumformungen.“ <i>(Operator: einsetzen / finden, AFB II-III)</i><br><br><b>Prozessbez. Komp.:</b> modellieren · Probleme lösen · argumentieren · mit symbolischen, formalen und technischen Elementen umgehen<br><b>Gegenstandsbereiche:</b> Funktionaler Zusammenhang · Zahlen und Operationen	LehrplanPLUS MS Bayern · M9R · LB7 Gleichungen | Realisierung: B6 §2 + Fachprofil M §4 (NW-Kooperation)	MP_N18_Mathe_KE anschluss M9R LB7 Anker Stufe1
Wie realisierst du <b>M9R-LB7-Komplexe-Gleichungen</b> (Komplexe Gleichungen + Formeln umstellen)? Spiralanker?	"[idealtypisch] Sequenz „Komplexe Gleichungen + Formel-Umstellung — Berufsbezug""<br><br><b>Verlauf:</b> Sequenz erweitert M7-LB7-Äquivalenzumformungen um Klammern, Brüche, Mehrfach-Variablen. Formel-Umstellung als operative Reversibilität mit hohem Berufsbezug (NW-Formeln, Werkstatt-Berechnungen). Begründungs-Niveau AFB III explizit.<br><br><b>↑ Vorwissen:</b> M7R-LB7-Algebra (★ ax+b=c + Äquivalenzumformungen + Probe (direkter Vorgänger)); M6-LB1-2-Bruchrechnung (Rechnen mit Brüchen (Voraussetzung für Bruch-Gleichungen)); M7R-LB4-Flaecheninhalt + M7R-LB5-Volumen (Flächen- + Volumenformeln zur Umstellung)<br><b>↓ Anschluss:</b> M10-Quadratische-Gleichungen ((idealtypisch) Quadratische Gleichungen + Wurzel-Operationen)"	LehrplanPLUS MS Bayern · M9R · LB7 Gleichungen | Realisierung: B6 §2 + Fachprofil M §4 (NW-Kooperation)	MP_N18_Mathe_KE anschluss M9R LB7 Anker Stufe2
Welche Sequenz-Skizze + welche Prinzipien trägt <b>M9R-LB7-Komplexe-Gleichungen</b> (Komplexe Gleichungen + Formeln umstellen)?	"<b>Sequenz:</b> Vollabdeckung LB7 Komplexe Gleichungen — 14 UE M9R<br><i>Spirale M5-Probieren → M7-ax+b=c → M9-Klammer/Bruch/Mehrfach-Variable. Formel-Umstellung als operatives Reversibilitäts-Verfahren. Berufsbezug (NW-Formeln, Werkstatt) als Beziehungshaltigkeit. Argumentations-Niveau AFB III (KE1 wörtlich „begründen Lösungswege"").</i><br><br><b>UE-Skizze:</b><br>• <b>UE 1:</b> Spiralreaktivierung M7-Gleichungen <i>[(Vorwissen) · symbolisch]</i><br>• <b>UE 2:</b> Gleichungen mit Klammern lösen <i>[Komplexe Gleichungen ansetzen + lösen · symbolisch]</i><br>• <b>UE 3:</b> Mehrfach auftretende Variablen <i>[Komplexe Gleichungen mit mehrmals auftretender Variablen · symbolisch]</i><br>• <b>UE 4:</b> Übung Klammer + Mehrfach-Variable (kompakt) <i>[Komplexe Gleichungen lösen · symbolisch]</i><br>• <b>UE 4+R:</b> Spaced-Retrieval (5 min) <i>[Komplexe Gleichungen lösen · symbolisch (mental)]</i><br>• <b>UE 5:</b> Lineare Gleichungen mit Brüchen <i>[lineare Gleichungen mit Brüchen lösen · symbolisch]</i><br>• <b>UE 6:</b> Übung Bruch-Gleichungen (kompakt) <i>[Bruch-Gleichungen lösen · symbolisch]</i><br>• <b>UE 7:</b> Mischungs-Sachaufgaben <i>[Sachsituationen → Gleichung lösen · symbolisch-anwendend]</i><br>• <b>UE 7+R:</b> Spaced-Retrieval (5 min) <i>[Bruch-Gleichungen + Mischungs-Sachaufgabe · symbolisch (mental)]</i><br>• <b>UE 8:</b> Formel-Umstellung — Flächen- + Volumenformeln <i>[Werte in Formeln einsetzen + Umstellung · symbolisch]</i><br>• <b>UE 9:</b> Formel-Umstellung NW — Physik/Chemie <i>[Formeln umstellen (NW) · symbolisch]</i><br>• <b>UE 10:</b> Übung Formel-Umstellung (kompakt) <i>[Formeln umstellen · symbolisch]</i><br>• <b>UE 11:</b> Begründen Lösungswege — Argumentations-UE <i>[Lösungswege begründen · symbolisch-reflexiv]</i><br>• <b>UE 12:</b> LNW-Vorbereitung <i>[alle KE · symbolisch]</i><br>• <b>UE 13:</b> Leistungsnachweis <i>[alle KE · symbolisch]</i><br>• <b>UE 14:</b> Fehleranalyse + Spiral-Reflexion <i>[Fehler erkennen + Spirale reflektieren · metakognitiv]</i><br><br><b>Prinzipien:</b><br>• <b>Spiralprinzip — Algebra-Höhepunkt:</b> Höhepunkt der Algebra-Spirale Track 5 (M5-Probieren → M7-ax+b=c → M9-komplex/Brüche). Anschluss M10-quadratisch. <i>(Spiralprinzip Track 5)</i><br>• <b>Operatives Prinzip — Reversibilität als Kern:</b> Formel-Umstellung (UE 8-10) als operative Reversibilität; Variable-Manipulation als Komposition. <i>(B1 §4.2)</i><br>• <b>Modellieren:</b> UE 7 Mischungsaufgaben + UE 9 NW-Formeln als authentische Modellierung mit Validierung. <i>(Fachprofil M §2.2)</i><br>• <b>Argumentieren AFB III:</b> KE1 wörtlich „begründen Lösungswege"" — UE 11 als didaktisch eigenständige Begründungs-UE. <i>(Fachprofil M §2.2)</i><br>• <b>Fachübergreifende Zusammenarbeit:</b> UE 9 NW-Kooperation als Pflicht (Fachprofil §4); Berufsbezug + Werkstatt-Formeln. <i>(Fachprofil M §4 + §5)</i><br><br><b>Antwortgerüst-Anschluss:</b> Spiralprinzip, Operatives-Prinzip, Modellieren, Leistungsmessung, Problemloesen-Polya"	LehrplanPLUS MS Bayern · M9R · LB7 Gleichungen | Realisierung: B6 §2 + Fachprofil M §4 (NW-Kooperation)	MP_N18_Mathe_KE anschluss M9R LB7 Anker Stufe3
Was sagt der LP+ in <b>M9R-LB8-Funktionstypen</b> (Funktionstypen — linear / proportional / umgekehrt proportional)?	Fundort: LehrplanPLUS MS Bayern · M9R · LB8 Funktionale Zusammenhänge<br><br>„erkennen und unterscheiden begründet nicht lineare, lineare, proportionale und umgekehrt proportionale Abhängigkeiten in Sachzusammenhängen.“ <i>(Operator: erkennen / unterscheiden / begründen, AFB III)</i><br><br>„ermitteln rechnerisch und zeichnerisch fehlende Werte in linearen und umgekehrt proportionalen Sachzusammenhängen (z. B. auch mithilfe von Tabellenkalkulationsprogrammen).“ <i>(Operator: ermitteln, AFB II-III)</i><br><br><b>Prozessbez. Komp.:</b> modellieren · argumentieren · Darstellungen verwenden · mit symbolischen, formalen und technischen Elementen umgehen<br><b>Gegenstandsbereiche:</b> Funktionaler Zusammenhang	LehrplanPLUS MS Bayern · M9R · LB8 Funktionale Zusammenhänge | Realisierung: B6 §3 + LP+-Webfetch	MP_N18_Mathe_KE anschluss M9R LB8 Anker Stufe1
Wie realisierst du <b>M9R-LB8-Funktionstypen</b> (Funktionstypen — linear / proportional / umgekehrt proportional)? Spiralanker?	"[idealtypisch] Sequenz „Funktionstypen unterscheiden — Diskrimination als AFB-III-Schlüssel""<br><br><b>Verlauf:</b> Sequenz mit Schwerpunkt auf Funktionstypen-Diskrimination (AFB III). Spiralanker M7-LB8 + Anwendung im Zins-/Wachstums-Kontext. Umgekehrt proportionale Zusammenhänge als neue Kategorie (M7 nur proportional). Tabellenkalkulation als digitale Werkzeug-Praxis.<br><br><b>↑ Vorwissen:</b> M7R-LB8-Proportionalitaet (★ Proportionale Zuordnungen + lineare/nicht-lineare Unterscheidung); M9R-LB1-Zinsrechnung (Linearer Zusammenhang Zeit-Zinsen als Anwendung)<br><b>↓ Anschluss:</b> M10-Quadratische-Funktionen ((idealtypisch) Quadratische Funktionen als neuer Funktionstyp)"	LehrplanPLUS MS Bayern · M9R · LB8 Funktionale Zusammenhänge | Realisierung: B6 §3 + LP+-Webfetch	MP_N18_Mathe_KE anschluss M9R LB8 Anker Stufe2
Welche Sequenz-Skizze + welche Prinzipien trägt <b>M9R-LB8-Funktionstypen</b> (Funktionstypen — linear / proportional / umgekehrt proportional)?	"<b>Sequenz:</b> Vollabdeckung LB8 Funktionstypen — 10 UE M9R<br><i>Funktionstypen-Diskrimination als AFB-III-Kompetenz. Erweiterung M7-Repertoire um umgekehrt proportional. Tabellenkalkulation für rechnerisches + zeichnerisches Arbeiten. Spirale: M7-LB8 (proportional/linear) → M9-LB8 (4 Typen) → M10 (quadratisch).</i><br><br><b>UE-Skizze:</b><br>• <b>UE 1:</b> Spiralreaktivierung M7-Proportionalität <i>[(Vorwissen) · ikonisch]</i><br>• <b>UE 2:</b> Umgekehrt proportional einführen <i>[umgekehrt proportionale Abhängigkeiten erkennen · ikonisch → symbolisch]</i><br>• <b>UE 3:</b> Umgekehrt proportional — Tabelle + Graph <i>[umgekehrt proportional darstellen · ikonisch]</i><br>• <b>UE 4:</b> 4 Funktionstypen — Sortier-Aufgabe <i>[Funktionstypen erkennen + unterscheiden + begründen · ikonisch-reflexiv]</i><br>• <b>UE 4+R:</b> Spaced-Retrieval (5 min) <i>[Funktionstypen unterscheiden · symbolisch (mental)]</i><br>• <b>UE 5:</b> Fehlende Werte rechnerisch ermitteln <i>[fehlende Werte rechnerisch ermitteln · symbolisch]</i><br>• <b>UE 6:</b> Fehlende Werte zeichnerisch ermitteln <i>[fehlende Werte zeichnerisch ermitteln · ikonisch]</i><br>• <b>UE 7:</b> Tabellenkalkulation einsetzen <i>[fehlende Werte ermitteln mit TK-Programm · symbolisch]</i><br>• <b>UE 8:</b> Übung gemischt + Sachaufgaben (kompakt) <i>[alle KE · symbolisch]</i><br>• <b>UE 9:</b> LNW + Berufsbezug <i>[alle KE · symbolisch]</i><br>• <b>UE 10:</b> Reflexion + Spiral-Rückblick <i>[Spirale reflektieren · metakognitiv]</i><br><br><b>Prinzipien:</b><br>• <b>Spiralprinzip — Funktions-Track-Höhepunkt:</b> M7-LB8 (proportional) → M9-LB8 (4 Typen) → M10 (quadratisch). Track 5. <i>(Spiralprinzip Track 5)</i><br>• <b>Argumentieren AFB III — Diskrimination:</b> KE1 wörtlich „begründet unterscheiden"" — UE 4 als AFB-III-Kern. <i>(Fachprofil M §2.2)</i><br>• <b>Darstellungen verwenden:</b> Tabelle + Graph + Term als 3 Darstellungen; Wechsel als KE-Pflicht. <i>(Fachprofil M §2.2)</i><br>• <b>Digitale Bildung + Berufsorientierung:</b> UE 7 Tabellenkalkulation als digitale Werkzeug-Praxis (Berufsbezug Tabellenkalkulation IT/Verwaltung). <i>(Fachprofil M §5)</i><br>• <b>Modellieren:</b> Sachsituationen-Sortier-Aufgabe (UE 4) als Modell-Identifikation. <i>(Fachprofil M §2.2)</i><br><br><b>Antwortgerüst-Anschluss:</b> Spiralprinzip, Modellieren, Differenzierung"	LehrplanPLUS MS Bayern · M9R · LB8 Funktionale Zusammenhänge | Realisierung: B6 §3 + LP+-Webfetch	MP_N18_Mathe_KE anschluss M9R LB8 Anker Stufe3
Was sagt der LP+ in <b>M8-LB6-Zufallsexperimente</b> (Zufallsexperimente + relative Häufigkeit + Gesetz der großen Zahl)?	Fundort: LehrplanPLUS MS Bayern · M8R · LB6 (Stub — aus Bausteinskript B7 §2 abgeleitet, web_fetch ausstehend)<br><br>„führen Zufallsexperimente aus ihrer Lebenswelt durch und halten ihre Ergebnisse in geeigneter Form fest. Sie vergleichen die Zufallsexperimente mit Experimenten aus den Naturwissenschaften und verbalisieren die Besonderheiten der Laplace-Experimente.“ <i>(Operator: durchführen / festhalten / vergleichen / verbalisieren, AFB II-III)</i><br><br>„bestimmen aus durchgeführten Zufallsexperimenten relative Häufigkeiten und nutzen das Gesetz der großen Zahl, um Schätzungen für Wahrscheinlichkeiten von Ereignissen vorzunehmen.“ <i>(Operator: bestimmen / nutzen / schätzen, AFB II-III)</i><br><br>„beurteilen Gewinnchancen einfacher Glücksspiele begründet aus relativen Häufigkeiten oder berechneten Wahrscheinlichkeiten.“ <i>(Operator: beurteilen / begründen, AFB III)</i><br><br><b>Prozessbez. Komp.:</b> argumentieren · modellieren · Darstellungen verwenden · Probleme lösen<br><b>Gegenstandsbereiche:</b> Daten und Zufall	LehrplanPLUS MS Bayern · M8R · LB6 (Stub — aus Bausteinskript B7 §2 abgeleitet, web_fetch ausstehend) | Realisierung: B7 §2 (Bausteinskript-Beispiel) — LP+-M8R-Webfetch ausstehend	MP_N18_Mathe_KE anschluss M8R LB6 Anker Stufe1
Wie realisierst du <b>M8-LB6-Zufallsexperimente</b> (Zufallsexperimente + relative Häufigkeit + Gesetz der großen Zahl)? Spiralanker?	"[idealtypisch] Sequenz „Zufall messen — relative Häufigkeit + Gesetz der großen Zahl""<br><br><b>Verlauf:</b> Sequenz mit Schwerpunkt auf eigenen Zufallsexperimenten (Münzen, Würfel, Reißzwecken). Übergang von relativer Häufigkeit zur Wahrscheinlichkeits-Schätzung (Gesetz der großen Zahl). Vorbereitung der M9-Laplace-Wahrscheinlichkeiten. Klafki-Mündigkeit über Glücksspiel-Beurteilung.<br><br><b>↑ Vorwissen:</b> M7R-LB6-Statistik (★ Datenkritik + Kennwerte); M7R-LB1-Prozent (Prozent als Anteil — Wahrscheinlichkeit als Spezialfall)<br><b>↓ Anschluss:</b> M9R-LB6-Wahrscheinlichkeiten (★ Laplace-Wahrscheinlichkeiten + Gegenereignis)"	LehrplanPLUS MS Bayern · M8R · LB6 (Stub — aus Bausteinskript B7 §2 abgeleitet, web_fetch ausstehend) | Realisierung: B7 §2 (Bausteinskript-Beispiel) — LP+-M8R-Webfetch ausstehend	MP_N18_Mathe_KE anschluss M8R LB6 Anker Stufe2
Welche Sequenz-Skizze + welche Prinzipien trägt <b>M8-LB6-Zufallsexperimente</b> (Zufallsexperimente + relative Häufigkeit + Gesetz der großen Zahl)?	<b>Sequenz:</b> Vollabdeckung LB6 Zufallsexperimente — 8 UE M8R (Stub)<br><i>Eigene Zufallsexperimente als enaktive Anschauung. Relative Häufigkeit als experimentelles Verfahren. Gesetz der großen Zahl als Brücke zur theoretischen Wahrscheinlichkeit (M9). Klafki-Mündigkeit über Glücksspiel-Beurteilung.</i><br><br><b>UE-Skizze:</b><br>• <b>UE 1:</b> Eigene Zufallsexperimente — Münze + Würfel + Reißzwecke <i>[Zufallsexperimente durchführen + festhalten · enaktiv]</i><br>• <b>UE 2:</b> Relative Häufigkeit berechnen <i>[Relative Häufigkeiten bestimmen · symbolisch]</i><br>• <b>UE 3:</b> Gesetz der großen Zahl — Konvergenz beobachten <i>[Gesetz der großen Zahl nutzen · ikonisch → symbolisch]</i><br>• <b>UE 4:</b> Naturwissenschaftliche Experimente vergleichen <i>[Vergleich mit NW-Experimenten · symbolisch-reflexiv]</i><br>• <b>UE 4+R:</b> Spaced-Retrieval (5 min) <i>[rel. H. + Gesetz der großen Zahl · symbolisch (mental)]</i><br>• <b>UE 5:</b> Wahrscheinlichkeit schätzen aus Experimenten <i>[Wahrscheinlichkeit aus rel. H. schätzen · symbolisch]</i><br>• <b>UE 6:</b> Glücksspiele beurteilen <i>[Gewinnchancen begründet beurteilen · symbolisch-reflexiv]</i><br>• <b>UE 7:</b> Übung gemischt (kompakt) <i>[alle KE · symbolisch]</i><br>• <b>UE 8:</b> LNW + Reflexion <i>[alle KE · symbolisch]</i><br><br><b>Prinzipien:</b><br>• <b>Konstruktivismus + Primat der Handlung:</b> UE 1 Eigene Experimente (Münze + Würfel + Reißzwecke) als enaktive Wissens-Konstruktion. <i>(GB §3)</i><br>• <b>Spiralprinzip:</b> M7-LB6 (Datenkritik) → M8-LB6 (rel. H.) → M9-LB6 (Laplace). Track 4 Brückenkarte. <i>(Spiralprinzip Track 4)</i><br>• <b>Modellieren + Empirisches Denken:</b> Rel. H. als Modell für Wahrscheinlichkeit (Gesetz der großen Zahl). <i>(Fachprofil M §2.2)</i><br>• <b>Argumentieren AFB III:</b> UE 4 NW-Vergleich + UE 6 Glücksspiel-Beurteilung als AFB-III-Kompetenzen. <i>(Fachprofil M §2.2)</i><br><br><b>Antwortgerüst-Anschluss:</b> Spiralprinzip, Modellieren, Konstruktivismus, Induktives-Vorgehen	LehrplanPLUS MS Bayern · M8R · LB6 (Stub — aus Bausteinskript B7 §2 abgeleitet, web_fetch ausstehend) | Realisierung: B7 §2 (Bausteinskript-Beispiel) — LP+-M8R-Webfetch ausstehend	MP_N18_Mathe_KE anschluss M8R LB6 Anker Stufe3
Was sagt der LP+ in <b>UNIV-Spiralprinzip-LP</b> (Spiralprinzip + Kumulatives Lernen (LP+-strukturelle Verankerung))?	Fundort: LehrplanPLUS MS Bayern · Fachprofil M §2.3 + GB §1.5 + B3-B7 §1 (Spiralklausel pro Leitidee)<br><br>„Jeder Gegenstandsbereich durchzieht den Lehrplan für das Fach Mathematik an Mittelschulen spiralförmig über alle Jahrgangsstufen hinweg. Ziel des Ansatzes ist kumulatives Lernen und ein daraus resultierendes Verständnis für grundlegende mathematische Begriffe und Konzepte.“ <i>(Operator: (Strukturzitat), AFB -)</i><br><br>„Wie die prozessbezogenen Kompetenzen, stehen auch die einzelnen Gegenstandsbereiche nicht isoliert, sondern werden miteinander verknüpft, wodurch themengebietsübergreifendes und vernetztes Denken nachhaltig gefördert wird.“ <i>(Operator: (Strukturzitat), AFB -)</i><br><br>„Dem kumulativen Lernen kommt durch den spiraligen Aufbau eine besondere Bedeutung zu. Zum regelmäßigen Üben und Wiederholen werden nicht nur aktuelle Inhalte, sondern auch solche, die bereits in der Vergangenheit bewältigt wurden, hinzugezogen, um die unterrichtliche Erarbeitung zu unterstützen und dem aufbauenden Charakter des Faches Mathematik gerecht zu werden.“ <i>(Operator: (Strukturzitat), AFB -)</i><br><br>„Von Jahrgangsstufe 5 – 10, auch differenziert für die M-Klassen (umfangreichere und komplexere Aufgabenstellungen, höheres Arbeitstempo, mehr Selbständigkeit), zieht sich diese Leitidee angedockt an die im Lehrplan zugeordneten mathematischen Inhalte spiralförmig durch.“ <i>(Operator: (Strukturzitat — B3-B7 §1 Spiralklausel), AFB -)</i><br><br><b>Prozessbez. Komp.:</b> modellieren · Probleme lösen · argumentieren · Darstellungen verwenden · mit symbolischen, formalen und technischen Elementen umgehen · kommunizieren<br><b>Gegenstandsbereiche:</b> Zahlen und Operationen · Größen und Messen · Raum und Form · Funktionaler Zusammenhang · Daten und Zufall	LehrplanPLUS MS Bayern · Fachprofil M §2.3 + GB §1.5 + B3-B7 §1 (Spiralklausel pro Leitidee) | Realisierung: _Spiralprinzip_LP_Mathe.md (5 Tracks rekonstruiert) + Pauls Seminarübung v2 §1.5	MP_N18_Mathe_KE universal universal Anker Stufe1
Wie realisierst du <b>UNIV-Spiralprinzip-LP</b> (Spiralprinzip + Kumulatives Lernen (LP+-strukturelle Verankerung))? Spiralanker?	"[seminaruebung] Spirale operationalisieren — 5 rekonstruierte Tracks im LP+<br><br><b>Verlauf:</b> Spirale ist im LP+ durch 5 Spiral-Tracks operationalisiert (Track 1 Zahlbereich ℕ→ℤ→ℚ→Potenzen; Track 2 Prozent→Zins; Track 3 Geometrie-Auslegen; Track 4 Daten/Zufall; Track 5 Variable/Funktion). M9R-LB1 (Zinsrechnung) enthält wörtliche Spiralreferenz „übertragen die Grundaufgaben der Prozentrechnung auf die Zinsrechnung"". In Pauls Seminarübung Nov 2025 §1.5 dokumentiert.<br><br><b>↑ Vorwissen:</b> Bruner-1970 (Spirales Curriculum (Originalkonzept) — „jedem Kind auf jeder Entwicklungsstufe jeder Lehrgegenstand in intellektuell ehrlicher Form""); Heymann-1996 (Fundamentale Ideen der Mathematik (Zahl, Messen, räumlich, funktional, Algorithmus, Modellieren)); Wittmann-1990 (Kumulatives Lernen als Vernetzung (gegen Sequenzlernen))<br><b>↓ Anschluss:</b> KMK-Bildungsstandards (Bundesweite Spirale-Verankerung über prozessbez. Komp. + Leitideen)"	LehrplanPLUS MS Bayern · Fachprofil M §2.3 + GB §1.5 + B3-B7 §1 (Spiralklausel pro Leitidee) | Realisierung: _Spiralprinzip_LP_Mathe.md (5 Tracks rekonstruiert) + Pauls Seminarübung v2 §1.5	MP_N18_Mathe_KE universal universal Anker Stufe2
Welche Sequenz-Skizze + welche Prinzipien trägt <b>UNIV-Spiralprinzip-LP</b> (Spiralprinzip + Kumulatives Lernen (LP+-strukturelle Verankerung))?	"<b>Sequenz:</b> Anwendungs-Skizze: Spiralprinzip in der Stundenplanung — 6-Phasen-Operationalisierung<br><i>Spirale wird in JEDER Stundenplanung operativ sichtbar durch (a) Vorwissens-Stopp am UE-Beginn, (b) Spiralreaktivierung explizit, (c) Spiralausblick am UE-Ende. Spiral-Plakat in der Klasse mit fortlaufender Aktualisierung. Spaced-Retrieval-Inserts als operatives Spirale-Werkzeug.</i><br><br><b>UE-Skizze:</b><br>• <b>UE Phase 1:</b> Einstieg + Vorwissens-Stopp <i>[Spirale operativ machen — Vorwissens-Reaktivierung [Strukturzitat: kumulatives Lernen] · ikonisch]</i><br>• <b>UE Phase 2:</b> Spaced-Retrieval-Insert (5 min) <i>[Vorwissen aktivieren + sichern · symbolisch (mental)]</i><br>• <b>UE Phase 3:</b> Erarbeitung — explizite Spiral-Anker <i>[Neuer Inhalt in Spirale verorten · ikonisch + symbolisch]</i><br>• <b>UE Phase 4:</b> Operative Durchdringung — Transitivität <i>[Lösungswege auf andere Situationen übertragen [Strukturzitat: Verknüpfung] · symbolisch]</i><br>• <b>UE Phase 5:</b> Sicherung + Spiralausblick <i>[Spirale schließen — Vorgang als Stufe in Spirale verorten · symbolisch]</i><br>• <b>UE Phase 6:</b> Anwendung + Spirale-Plakat aktualisieren <i>[Spirale operativ aktualisieren · metakognitiv]</i><br><br><b>Prinzipien:</b><br>• <b>Spiralprinzip + Kumulatives Lernen:</b> Fachprofil M §2.3 wörtlich + B3-B7 §1 Spiralklausel pro Gegenstandsbereich + GB §1.5 kumulatives Lernen. M9R-LB1 enthält explizite Spiralreferenz im KE-Wortlaut. <i>(Fachprofil M §2.3 + GB §1.5 + B3-B7 §1)</i><br>• <b>Bruner-Hypothese:</b> „Jedem Kind kann auf jeder Entwicklungsstufe jeder Lehrgegenstand in einer intellektuell ehrlichen Form gelehrt werden"" — Bruner 1970 als Grundlage des LP+-Strukturprinzips. <i>(Bruner 1970 + Weigand §1)</i><br>• <b>Heymann fundamentale Ideen:</b> 6 Leitideen (Zahl, Messen, räumlich, funktional, Algorithmus, Modellieren) als „big ideas"" der Spirale-Anker — operativ in 5 LP+-Tracks rekonstruierbar. <i>(Heymann 1996 + _Spiralprinzip_LP_Mathe.md)</i><br>• <b>Wittmann kumulatives Lernen:</b> Spirale als Vernetzung (gegen reines Sequenzlernen). „Neues Wissen erwerben heißt Eingliedern in und Erweitern der vorhandenen Begriffsnetze."" <i>(Wittmann/Müller 1990 + GB §3.4)</i><br>• <b>Operatives Prinzip — Transitivität als spirale Mikro-Struktur:</b> B1 §4.2.4: „erarbeitete Lösungswege und Darstellungsformen sind auf andere Rechensituationen zu übertragen"" — Transitivität als operationale Spiralkategorie. <i>(B1 §4.2.4)</i><br><br><b>Antwortgerüst-Anschluss:</b> Spiralprinzip, Kompetenzstrukturmodell, Operatives-Prinzip, Kumulatives-Lernen"	LehrplanPLUS MS Bayern · Fachprofil M §2.3 + GB §1.5 + B3-B7 §1 (Spiralklausel pro Leitidee) | Realisierung: _Spiralprinzip_LP_Mathe.md (5 Tracks rekonstruiert) + Pauls Seminarübung v2 §1.5	MP_N18_Mathe_KE universal universal Anker Stufe3
Was sagt der LP+ in <b>UNIV-Kompetenzorientierung</b> (Kompetenzorientierung + neue Aufgabenkultur)?	Fundort: LehrplanPLUS MS Bayern · Fachprofil M §1.1 + §1.2 + §1.3 (orientiert an Weinert 2001 + KMK 2003/04)<br><br>„Kompetenzorientierter Mathematikunterricht vermittelt nicht nur Regeln und Verfahren, sondern auch diverse Herangehensweisen an Problemstellungen, um Schüler für lebensweltliche und berufliche Herausforderungen sowie für lebenslanges Lernen zu befähigen. Er verbindet Wissensvermittlung mit Kompetenzerwerb, da Wissen ohne Anwendung keine Kompetenz darstellt.“ <i>(Operator: (Strukturzitat), AFB -)</i><br><br>„Mathematische Kompetenzen sind essenziell für die gesellschaftliche Teilhabe, indem sie das Verstehen und Beurteilen technischer, natürlicher, sozialer und kultureller Erscheinungen ermöglichen.“ <i>(Operator: (Strukturzitat), AFB -)</i><br><br>„Mathematische Bildung ist eine Schlüsselkompetenz für die Ausbildungsreife. Sie befähigt Schüler, Zusammenhänge zu erkennen, mathematische Modelle und Darstellungen zu nutzen und aktiv ihre Zukunft mitzugestalten.“ <i>(Operator: (Strukturzitat), AFB -)</i><br><br><b>Prozessbez. Komp.:</b> argumentieren · Probleme lösen · modellieren · Darstellungen verwenden · mit symbolischen, formalen und technischen Elementen umgehen · kommunizieren<br><b>Gegenstandsbereiche:</b> Zahlen und Operationen · Größen und Messen · Raum und Form · Funktionaler Zusammenhang · Daten und Zufall	LehrplanPLUS MS Bayern · Fachprofil M §1.1 + §1.2 + §1.3 (orientiert an Weinert 2001 + KMK 2003/04) | Realisierung: Fachprofil M §1.3 + B2 + Weinert 2001 + KMK 2003/04	MP_N18_Mathe_KE universal universal Anker Stufe1
Wie realisierst du <b>UNIV-Kompetenzorientierung</b> (Kompetenzorientierung + neue Aufgabenkultur)? Spiralanker?	[seminaruebung] Kompetenzorientierung operationalisieren — neue Aufgabenkultur (SINUS)<br><br><b>Verlauf:</b> Kompetenzorientierung erfordert (a) Aufgabenformate, die Kompetenzen (nicht nur Verfahren) prüfen — modellieren, argumentieren, problemlösen statt nur rechnen; (b) Bewertungsformate, die Prozess + Anwendung erfassen (Weigand §6 veränderte Leistungsmessung); (c) Kompetenz-Erwartungen pro KE im LP+ wörtlich verankert. Bauerstein B2 (Kompetenzorientierung) zentral.<br><br><b>↑ Vorwissen:</b> Weinert-2001 (Kompetenz-Definition: kognitive Fähigkeiten + motivationale Bereitschaft + Volition (zur Lösung von Problemen)); KMK-Bildungsstandards-2003-04 (Kompetenzorientierte Bildungsstandards Primar + HSA + MSA); SINUS-Programm (Neue Aufgabenkultur — Kompetenz-orientiert statt Verfahrens-Drill)<br><b>↓ Anschluss:</b> UNIV-Kompetenzstrukturmodell (6 prozessbez. Komp. × 5 Gegenstandsbereiche als operative Umsetzung)	LehrplanPLUS MS Bayern · Fachprofil M §1.1 + §1.2 + §1.3 (orientiert an Weinert 2001 + KMK 2003/04) | Realisierung: Fachprofil M §1.3 + B2 + Weinert 2001 + KMK 2003/04	MP_N18_Mathe_KE universal universal Anker Stufe2
Welche Sequenz-Skizze + welche Prinzipien trägt <b>UNIV-Kompetenzorientierung</b> (Kompetenzorientierung + neue Aufgabenkultur)?	"<b>Sequenz:</b> Anwendungs-Skizze: Kompetenzorientierung in der Aufgaben-Kultur — 4-Aufgaben-Typen-Übersicht<br><i>Aufgabenformate werden nach Kompetenz-Tiefe geordnet. SINUS-Forderung: Mehrfach-Lösungswege + Begründung + Realitätsbezug + Reflexion. „Wissen ohne Anwendung keine Kompetenz"" (LP+ wörtlich) operationalisiert sich in der Aufgabenkultur.</i><br><br><b>UE-Skizze:</b><br>• <b>UE Typ 1:</b> Drill-Aufgabe (Verfahrens-Anwendung) <i>[Verfahrenstreue — nicht Kompetenz im LP+-Sinn · symbolisch]</i><br>• <b>UE Typ 2:</b> Sachaufgabe (Anwendung mit Kontext) <i>[Modellieren als Vorform [Strukturzitat: lebensweltliche Herausforderungen] · symbolisch-anwendend]</i><br>• <b>UE Typ 3:</b> Modellierungsaufgabe (echte Modellbildung) <i>[Modellieren + Probleme lösen + Argumentieren [Strukturzitat: Wissen + Anwendung] · symbolisch-reflexiv]</i><br>• <b>UE Typ 4:</b> Offene/Fermi-Aufgabe (substanzielle Lernumgebung) <i>[alle 6 prozessbez. Komp. integriert · symbolisch-reflexiv-kommunikativ]</i><br><br><b>Prinzipien:</b><br>• <b>Kompetenzorientierung (Weinert/KMK):</b> Weinert-Definition + KMK-Bildungsstandards als Grundlage; LP+ Fachprofil §1.3 wörtlich. Verbindung Wissensvermittlung + Anwendung. <i>(Weinert 2001 + KMK 2003/04 + Fachprofil M §1.3)</i><br>• <b>Neue Aufgabenkultur (SINUS):</b> Mehrfach-Lösungswege + Begründung + Realitätsbezug + Reflexion. B2 §3 zentral. <i>(B2 + SINUS-Programm)</i><br>• <b>Modellieren als Schlüssel:</b> Modellieren operationalisiert „lebensweltliche Herausforderungen"" — Brücke zwischen Wissens-Drill und Kompetenz. <i>(Fachprofil M §2.2)</i><br>• <b>Veränderte Leistungsmessung:</b> Kompetenzorientierung erfordert kompetenzorientierte Bewertung (Weigand §6) — sonst bleibt Modell auf Aufgabenform stehen. <i>(Weigand §6)</i><br>• <b>Klafki-Korrektiv:</b> Kategoriale Bildung als Korrektiv: Kompetenzorientierung operationalisiert Was+Wie, NICHT Wozu. Bildungsgehalt-Reflexion bleibt Pflicht. <i>(Klafki 1959/1963 + 1985)</i><br><br><b>Antwortgerüst-Anschluss:</b> Kompetenzstrukturmodell, Modellieren, Produktives-Ueben, Leistungsmessung"	LehrplanPLUS MS Bayern · Fachprofil M §1.1 + §1.2 + §1.3 (orientiert an Weinert 2001 + KMK 2003/04) | Realisierung: Fachprofil M §1.3 + B2 + Weinert 2001 + KMK 2003/04	MP_N18_Mathe_KE universal universal Anker Stufe3
Was sagt der LP+ in <b>UNIV-Operatives-Prinzip</b> (Operatives Prinzip + 5 Operationsmerkmale (Piaget/Aebli/Wittmann))?	Fundort: Bausteinskript B1 §4.2 + GB §3.4 + Weigand §7 + Aebli 1983 + Piaget + Wittmann/Müller 1990<br><br>„Mathematische Begriffe entstehen aus verinnerlichten Handlungen (Aebli: Primat der Handlung).“ <i>(Operator: (Strukturzitat — Aebli 1983), AFB -)</i><br><br>„Operationen sind reversibel, kompositionsfähig, assoziativ, variabel und transitiv (5 Operationsmerkmale nach Wittmann/Müller).“ <i>(Operator: (Strukturzitat — B1 §4.2), AFB -)</i><br><br>„Operatives Üben durchdringt einen mathematischen Begriff dadurch, dass Operationen am Lerngegenstand systematisch variiert werden (Wittmann: produktives Üben statt Aufgabenplantagen).“ <i>(Operator: (Strukturzitat), AFB -)</i><br><br><b>Prozessbez. Komp.:</b> argumentieren · Probleme lösen · mit symbolischen, formalen und technischen Elementen umgehen<br><b>Gegenstandsbereiche:</b> Zahlen und Operationen · Größen und Messen · Raum und Form · Funktionaler Zusammenhang · Daten und Zufall	Bausteinskript B1 §4.2 + GB §3.4 + Weigand §7 + Aebli 1983 + Piaget + Wittmann/Müller 1990 | Realisierung: B1 §4.2 + Wittmann/Müller 1990 + Pauls Seminarübung v2	MP_N18_Mathe_KE universal universal Anker Stufe1
Wie realisierst du <b>UNIV-Operatives-Prinzip</b> (Operatives Prinzip + 5 Operationsmerkmale (Piaget/Aebli/Wittmann))? Spiralanker?	[seminaruebung] 5 Operationsmerkmale operationalisieren — am Beispiel Prozent<br><br><b>Verlauf:</b> Operatives Prinzip wird in JEDER Stundenplanung operativ durch die 5 Operationsmerkmale sichtbar: Reversibilität (Umkehrung), Komposition (Verkettung), Assoziativität (Reihenfolge ohne Ergebnis-Änderung), Variabilität (Wechsel zwischen Darstellungen/Repräsentationen), Transitivität (Lösungswege übertragen). Pauls Seminarübung Nov 2025 dokumentiert dies systematisch für Prozent-Sequenz.<br><br><b>↑ Vorwissen:</b> Piaget-Operationen (Konkret-operatives + formal-operatives Stadium der kognitiven Entwicklung); Aebli-1983 (Primat der Handlung — Denken als verinnerlichte Handlung); Wittmann-Mueller-1990 (5 Operationsmerkmale + produktives Üben)<br><b>↓ Anschluss:</b> Spiralprinzip-Transitivität (Transitivität ist der spirale Mikro-Aspekt)	Bausteinskript B1 §4.2 + GB §3.4 + Weigand §7 + Aebli 1983 + Piaget + Wittmann/Müller 1990 | Realisierung: B1 §4.2 + Wittmann/Müller 1990 + Pauls Seminarübung v2	MP_N18_Mathe_KE universal universal Anker Stufe2
Welche Sequenz-Skizze + welche Prinzipien trägt <b>UNIV-Operatives-Prinzip</b> (Operatives Prinzip + 5 Operationsmerkmale (Piaget/Aebli/Wittmann))?	"<b>Sequenz:</b> Anwendungs-Skizze: 5 Operationsmerkmale am Beispiel Prozent<br><i>Pro Operationsmerkmal eine konkrete Aufgaben-Variation am Beispiel Prozent (M7R-LB1). Wittmanns Forderung nach produktivem statt mechanischem Üben operationalisiert.</i><br><br><b>UE-Skizze:</b><br>• <b>UE Merkmal 1:</b> Reversibilität (Umkehrung) <i>[Operative Variation — Umkehrung [Strukturzitat: 5 Operationsmerkmale] · symbolisch]</i><br>• <b>UE Merkmal 2:</b> Komposition (Verkettung) <i>[Operative Variation — Verkettung · symbolisch-reflexiv]</i><br>• <b>UE Merkmal 3:</b> Assoziativität (Reihenfolge) <i>[Operative Variation — Reihenfolge · symbolisch]</i><br>• <b>UE Merkmal 4:</b> Variabilität (Wechsel Darstellung) <i>[Operative Variation — Darstellungsformen · symbolisch]</i><br>• <b>UE Merkmal 5:</b> Transitivität (Übertragen) <i>[Operative Variation — Lösungswege übertragen [B1 §4.2.4] · symbolisch]</i><br><br><b>Prinzipien:</b><br>• <b>Operatives Prinzip — 5 Merkmale:</b> B1 §4.2 + Wittmann/Müller 1990. Reversibilität + Komposition + Assoziativität + Variabilität + Transitivität. <i>(B1 §4.2 + Wittmann)</i><br>• <b>Primat der Handlung (Aebli):</b> Aebli 1983: Denken entsteht aus verinnerlichter Handlung. Mathematische Begriffe sind „kondensierte Handlungen"". <i>(Aebli 1983 + GB §3)</i><br>• <b>Piaget-kognitive-Entwicklung:</b> Konkret-operatives + formal-operatives Stadium; MS-SuS oft verzögert (B1 §1) — operative Stützen länger. <i>(Piaget + B1 §1)</i><br>• <b>Produktives Üben (Wittmann):</b> Operationen-Variation statt Aufgabenplantagen. Wittmann/Müller 1990 + Weigand §5. <i>(Wittmann/Müller 1990 + Weigand §5)</i><br>• <b>Spiralprinzip-Mikro-Anker:</b> Transitivität (B1 §4.2.4) ist der spirale Operationsmerkmal-Aspekt — Brücke zur Spirale-Architektur. <i>(B1 §4.2.4 + Spiralprinzip Track-Übergreifend)</i><br><br><b>Antwortgerüst-Anschluss:</b> Operatives-Prinzip, Spiralprinzip, Konstruktivismus, EIS-Prinzip, Produktives-Ueben"	Bausteinskript B1 §4.2 + GB §3.4 + Weigand §7 + Aebli 1983 + Piaget + Wittmann/Müller 1990 | Realisierung: B1 §4.2 + Wittmann/Müller 1990 + Pauls Seminarübung v2	MP_N18_Mathe_KE universal universal Anker Stufe3
Was sagt der LP+ in <b>UNIV-Inklusion-DaZ</b> (Inklusion + sprachsensibler Mathematikunterricht)?	Fundort: LehrplanPLUS MS Bayern · Fachprofil M §1.5 (Inklusion) + §3 (R/M-Differenzierung) + §4 (sprachsensibel) + ÜBZ Sprachliche Bildung + GB §3.4<br><br>„Inklusiver Mathematikunterricht ermöglicht aktiv-entdeckendes Lernen, das auf die Bedürfnisse von Schülern mit sonderpädagogischem Förderbedarf eingeht. Er bietet unterschiedliche Lernwege, individuelle Ergebnisse/Chancen durch soziale Interaktion, geeignete Arbeitsmittel, Lehrkraftunterstützung, offene Aufgabenstellungen und modulare Förderung. Der Lernfortschritt wird durch Beobachtung sichtbar gemacht.“ <i>(Operator: (Strukturzitat — Fachprofil M §1.5), AFB -)</i><br><br>„Für den Erwerb von Kommunizieren und Argumentieren ist Mathematik auf die Förderung sprachlicher Kompetenz im Deutschunterricht angewiesen. Ein sprachsensibler Unterricht sichert den Kompetenzerwerb für alle Schüler, unabhängig von der Muttersprache.“ <i>(Operator: (Strukturzitat — Fachprofil M §4), AFB -)</i><br><br>„Sprache als Voraussetzung für schulischen Erfolg ist zentrale Aufgabe aller Fächer (nicht nur Deutsch). Förderung der Begriffsentwicklung und Festigung des Sprachhandelns durch die Versprachlichung eigener und fremder Gedanken in Wort und Schrift.“ <i>(Operator: (ÜBZ Sprachliche Bildung), AFB -)</i><br><br>„Die Anforderungen in den Mittlere-Reife-Klassen unterscheiden sich von Regelklassen durch komplexere Aufgabenstellungen, ein höheres Arbeitstempo und mehr Selbstständigkeit.“ <i>(Operator: (R/M-Differenzierung — Fachprofil M §3), AFB -)</i><br><br><b>Prozessbez. Komp.:</b> kommunizieren · argumentieren · Darstellungen verwenden<br><b>Gegenstandsbereiche:</b> Zahlen und Operationen · Größen und Messen · Raum und Form · Funktionaler Zusammenhang · Daten und Zufall	LehrplanPLUS MS Bayern · Fachprofil M §1.5 (Inklusion) + §3 (R/M-Differenzierung) + §4 (sprachsensibel) + ÜBZ Sprachliche Bildung + GB §3.4 | Realisierung: M7c-Schriftwesen + Pauls Seminarübung v2	MP_N18_Mathe_KE universal universal Anker Stufe1
Wie realisierst du <b>UNIV-Inklusion-DaZ</b> (Inklusion + sprachsensibler Mathematikunterricht)? Spiralanker?	[real] Inklusion + sprachsensibler MU in der M7c — heterogene Klasse<br><br><b>Verlauf:</b> Pauls reale M7c-Praxis hat Inklusion + sprachsensibler MU als strukturelle Aufgaben. UE 13.10. zeigt Lücke: kein Wortspeicher, kein 3-Niveau-AB, kein Bilder-Anker für DaZ. Seminarübung v2 dokumentiert idealtypisches Vorgehen: 3-Niveau-AB + Wortspeicher + Materialecke + Beobachtungs-Bogen.<br><br><b>↑ Vorwissen:</b> Wocken-1998 (4 Dimensionen Heterogenität (Leistung/Sozial/Sprache/Motivation)); Bönsch-Kaiser-2009 (Differenzierungs-Typologie (innere/äußere × Niveau/Methode/Material)); Leisen-2011-Hopf-2014 (Sprachsensibler Fachunterricht (3 Säulen)); UN-BRK-2009 (Inklusion als Menschenrecht; Bayern-Umsetzung im LP+)<br><b>↓ Anschluss:</b> Kirschner-Sweller-Clark-2006 (Korrektiv: gemäßigter Konstruktivismus + Worked Examples bei Anfängern)	LehrplanPLUS MS Bayern · Fachprofil M §1.5 (Inklusion) + §3 (R/M-Differenzierung) + §4 (sprachsensibel) + ÜBZ Sprachliche Bildung + GB §3.4 | Realisierung: M7c-Schriftwesen + Pauls Seminarübung v2	MP_N18_Mathe_KE universal universal Anker Stufe2
Welche Sequenz-Skizze + welche Prinzipien trägt <b>UNIV-Inklusion-DaZ</b> (Inklusion + sprachsensibler Mathematikunterricht)?	"<b>Sequenz:</b> Anwendungs-Skizze: Inklusion + sprachsensibler MU in 6-Phasen-Mathestunde<br><i>Pro Stundenphase werden Inklusion + Sprachsensibilität operativ realisiert. KE-Pflicht (LP+ §1.5 + §4) wird in JEDER Stunde sichtbar — keine Sonderbehandlung, sondern Regelarbeit.</i><br><br><b>UE-Skizze:</b><br>• <b>UE Phase 1:</b> Einstieg — Bildimpuls + Wortspeicher <i>[Inklusion + Sprachsensibilität operativ machen [Strukturzitat: aktiv-entdeckendes Lernen + sprachsensibler Unterricht] · ikonisch]</i><br>• <b>UE Phase 2:</b> Erarbeitung — Material + offene Aufgabenstellung <i>[individuelle Lernwege ermöglichen · enaktiv → ikonisch]</i><br>• <b>UE Phase 3:</b> Vertiefung — 3-Niveau-AB + Helferprinzip <i>[Differenzierung simultan im AB · ikonisch + symbolisch]</i><br>• <b>UE Phase 4:</b> Sprach-Stützen — Satzgerüste + Lerntandems <i>[sprachsensibler MU operativ · kommunikativ]</i><br>• <b>UE Phase 5:</b> Sicherung — Lernbeobachtung + adressatengerecht <i>[Lernfortschritt durch Beobachtung [Strukturzitat: LP+ §1.5] · symbolisch]</i><br>• <b>UE Phase 6:</b> Reflexion — Selbst-Diagnose-Karte + Mündigkeit <i>[Selbst-Regulation operationalisieren · metakognitiv]</i><br><br><b>Prinzipien:</b><br>• <b>Inklusion (LP+ §1.5):</b> Fachprofil M §1.5 wörtlich. Aktiv-entdeckendes Lernen + offene Aufgabenstellungen + Lernfortschritt durch Beobachtung. UN-BRK-anschlussfähig. <i>(Fachprofil M §1.5 + UN-BRK 2009)</i><br>• <b>Sprachsensibler MU (Leisen/Hopf):</b> 3 Säulen: Stolpersteine identifizieren + Stützen anbieten + Verbalisierungsanlässe schaffen. Pflicht-Praxis für ALLE SuS, nicht nur DaZ. <i>(Leisen 2011 + Hopf 2014 + LP+ §4)</i><br>• <b>Differenzierungs-Typologie (Bönsch/Kaiser):</b> Innere vs. äußere Differenzierung × Niveau/Methode/Material. 3-Niveau-AB als MS-Standard. <i>(Bönsch/Kaiser 2009)</i><br>• <b>Veränderte Leistungsmessung (LP+ §1.5 wörtlich):</b> „Lernfortschritt durch Beobachtung sichtbar gemacht"" — formatives Assessment + Selbst-Diagnose. <i>(LP+ §1.5 + Weigand §6)</i><br>• <b>Klafki-Mündigkeit als bildungstheoretischer Anker:</b> Inklusion realisiert Selbstbestimmung + Mitbestimmung + Solidarität als didaktischen Imperativ. Mündigkeits-Trias als Bildungs-Akt. <i>(Klafki 1985 + 1996)</i><br><br><b>Antwortgerüst-Anschluss:</b> Differenzierung, Leistungsmessung, Kompetenzstrukturmodell, Konstruktivismus"	LehrplanPLUS MS Bayern · Fachprofil M §1.5 (Inklusion) + §3 (R/M-Differenzierung) + §4 (sprachsensibel) + ÜBZ Sprachliche Bildung + GB §3.4 | Realisierung: M7c-Schriftwesen + Pauls Seminarübung v2	MP_N18_Mathe_KE universal universal Anker Stufe3
